--------------------------------------------------------
--  파일이 생성됨 - 금요일-6월-24-2022   
--------------------------------------------------------
DROP SEQUENCE "ADMIN"."SEQ_ATTACHMENT_NO";
DROP SEQUENCE "ADMIN"."SEQ_BOARD_COMMENT_NO";
DROP SEQUENCE "ADMIN"."SEQ_BOARD_NO";
DROP SEQUENCE "ADMIN"."SEQ_CHATCONTENT_NO";
DROP SEQUENCE "ADMIN"."SEQ_CHATROOM_NO";
DROP SEQUENCE "ADMIN"."SEQ_COMMENT_NO";
DROP SEQUENCE "ADMIN"."SEQ_MEMBER_NO";
DROP SEQUENCE "ADMIN"."SEQ_NOTICE_ATTACHMENT";
DROP SEQUENCE "ADMIN"."SEQ_NOTICE_NO";
DROP SEQUENCE "ADMIN"."SEQ_NOTICE__NO";
DROP SEQUENCE "ADMIN"."SEQ_REGISTER";
DROP SEQUENCE "ADMIN"."SEQ_REGISTER_NO";
DROP TABLE "ADMIN"."BOARD_COMMENT" cascade constraints;
DROP TABLE "ADMIN"."SU_BOARD" cascade constraints;
DROP TABLE "ADMIN"."SU_BOARD_ATTACHMENT" cascade constraints;
DROP TABLE "ADMIN"."SU_CHATCONTENT" cascade constraints;
DROP TABLE "ADMIN"."SU_CHATROOM" cascade constraints;
DROP TABLE "ADMIN"."SU_DEPARTMENT" cascade constraints;
DROP TABLE "ADMIN"."SU_GRADE" cascade constraints;
DROP TABLE "ADMIN"."SU_MEMBER" cascade constraints;
DROP TABLE "ADMIN"."SU_NOTICE" cascade constraints;
DROP TABLE "ADMIN"."SU_NOTICE_ATTACHMENT" cascade constraints;
DROP TABLE "ADMIN"."SU_REGISTER" cascade constraints;
DROP TABLE "ADMIN"."SU_SUBJECT" cascade constraints;
DROP TABLE "ADMIN"."SU_BOARD" cascade constraints;
DROP TABLE "ADMIN"."SU_MEMBER" cascade constraints;
DROP TABLE "ADMIN"."SU_CHATROOM" cascade constraints;
DROP TABLE "ADMIN"."SU_REGISTER" cascade constraints;
DROP TABLE "ADMIN"."SU_DEPARTMENT" cascade constraints;
DROP TABLE "ADMIN"."SU_NOTICE" cascade constraints;
DROP TABLE "ADMIN"."SU_SUBJECT" cascade constraints;
DROP TABLE "ADMIN"."BOARD_COMMENT" cascade constraints;
DROP TABLE "ADMIN"."SU_BOARD_ATTACHMENT" cascade constraints;
DROP TABLE "ADMIN"."SU_CHATCONTENT" cascade constraints;
DROP TABLE "ADMIN"."SU_NOTICE_ATTACHMENT" cascade constraints;
--------------------------------------------------------
--  DDL for Sequence SEQ_ATTACHMENT_NO
--------------------------------------------------------

   CREATE SEQUENCE  "ADMIN"."SEQ_ATTACHMENT_NO"  MINVALUE 1 MAXVALUE 9999999999999999999999999999 INCREMENT BY 1 START WITH 201 CACHE 20 NOORDER  NOCYCLE  NOKEEP  NOSCALE  GLOBAL ;
--------------------------------------------------------
--  DDL for Sequence SEQ_BOARD_COMMENT_NO
--------------------------------------------------------

   CREATE SEQUENCE  "ADMIN"."SEQ_BOARD_COMMENT_NO"  MINVALUE 1 MAXVALUE 9999999999999999999999999999 INCREMENT BY 1 START WITH 141 CACHE 20 NOORDER  NOCYCLE  NOKEEP  NOSCALE  GLOBAL ;
--------------------------------------------------------
--  DDL for Sequence SEQ_BOARD_NO
--------------------------------------------------------

   CREATE SEQUENCE  "ADMIN"."SEQ_BOARD_NO"  MINVALUE 1 MAXVALUE 9999999999999999999999999999 INCREMENT BY 1 START WITH 21 CACHE 20 NOORDER  NOCYCLE  NOKEEP  NOSCALE  GLOBAL ;
--------------------------------------------------------
--  DDL for Sequence SEQ_CHATCONTENT_NO
--------------------------------------------------------

   CREATE SEQUENCE  "ADMIN"."SEQ_CHATCONTENT_NO"  MINVALUE 1 MAXVALUE 9999999999999999999999999999 INCREMENT BY 1 START WITH 1 CACHE 20 NOORDER  NOCYCLE  NOKEEP  NOSCALE  GLOBAL ;
--------------------------------------------------------
--  DDL for Sequence SEQ_CHATROOM_NO
--------------------------------------------------------

   CREATE SEQUENCE  "ADMIN"."SEQ_CHATROOM_NO"  MINVALUE 1 MAXVALUE 9999999999999999999999999999 INCREMENT BY 1 START WITH 1 CACHE 20 NOORDER  NOCYCLE  NOKEEP  NOSCALE  GLOBAL ;
--------------------------------------------------------
--  DDL for Sequence SEQ_COMMENT_NO
--------------------------------------------------------

   CREATE SEQUENCE  "ADMIN"."SEQ_COMMENT_NO"  MINVALUE 1 MAXVALUE 9999999999999999999999999999 INCREMENT BY 1 START WITH 1 CACHE 20 NOORDER  NOCYCLE  NOKEEP  NOSCALE  GLOBAL ;
--------------------------------------------------------
--  DDL for Sequence SEQ_MEMBER_NO
--------------------------------------------------------

   CREATE SEQUENCE  "ADMIN"."SEQ_MEMBER_NO"  MINVALUE 1 MAXVALUE 9999999999999999999999999999 INCREMENT BY 1 START WITH 221 CACHE 20 NOORDER  NOCYCLE  NOKEEP  NOSCALE  GLOBAL ;
--------------------------------------------------------
--  DDL for Sequence SEQ_NOTICE_ATTACHMENT
--------------------------------------------------------

   CREATE SEQUENCE  "ADMIN"."SEQ_NOTICE_ATTACHMENT"  MINVALUE 1 MAXVALUE 9999999999999999999999999999 INCREMENT BY 1 START WITH 1 CACHE 20 NOORDER  NOCYCLE  NOKEEP  NOSCALE  GLOBAL ;
--------------------------------------------------------
--  DDL for Sequence SEQ_NOTICE_NO
--------------------------------------------------------

   CREATE SEQUENCE  "ADMIN"."SEQ_NOTICE_NO"  MINVALUE 1 MAXVALUE 9999999999999999999999999999 INCREMENT BY 1 START WITH 341 CACHE 20 NOORDER  NOCYCLE  NOKEEP  NOSCALE  GLOBAL ;
--------------------------------------------------------
--  DDL for Sequence SEQ_NOTICE__NO
--------------------------------------------------------

   CREATE SEQUENCE  "ADMIN"."SEQ_NOTICE__NO"  MINVALUE 1 MAXVALUE 9999999999999999999999999999 INCREMENT BY 1 START WITH 1 CACHE 20 NOORDER  NOCYCLE  NOKEEP  NOSCALE  GLOBAL ;
--------------------------------------------------------
--  DDL for Sequence SEQ_REGISTER
--------------------------------------------------------

   CREATE SEQUENCE  "ADMIN"."SEQ_REGISTER"  MINVALUE 9 MAXVALUE 9999 INCREMENT BY 1 START WITH 121 NOCACHE  NOORDER  NOCYCLE  NOKEEP  NOSCALE  GLOBAL ;
--------------------------------------------------------
--  DDL for Sequence SEQ_REGISTER_NO
--------------------------------------------------------

   CREATE SEQUENCE  "ADMIN"."SEQ_REGISTER_NO"  MINVALUE 1 MAXVALUE 9999999999999999999999999999 INCREMENT BY 1 START WITH 1 CACHE 20 NOORDER  NOCYCLE  NOKEEP  NOSCALE  GLOBAL ;
--------------------------------------------------------
--  DDL for Table BOARD_COMMENT
--------------------------------------------------------

  CREATE TABLE "ADMIN"."BOARD_COMMENT" 
   (	"COMMENT_NO" NUMBER, 
	"MEMBER_ID" VARCHAR2(25 BYTE) COLLATE "USING_NLS_COMP", 
	"CONTENT" VARCHAR2(2000 BYTE) COLLATE "USING_NLS_COMP", 
	"BOARD_NO" NUMBER, 
	"REG_DATE" DATE DEFAULT sysdate
   )  DEFAULT COLLATION "USING_NLS_COMP" SEGMENT CREATION IMMEDIATE 
  PCTFREE 10 PCTUSED 40 INITRANS 10 MAXTRANS 255 
 NOCOMPRESS LOGGING
  STORAGE(INITIAL 65536 NEXT 1048576 MINEXTENTS 1 MAXEXTENTS 2147483645
  PCTINCREASE 0 FREELISTS 1 FREELIST GROUPS 1
  BUFFER_POOL DEFAULT FLASH_CACHE DEFAULT CELL_FLASH_CACHE DEFAULT)
  TABLESPACE "DATA" ;
--------------------------------------------------------
--  DDL for Table SU_BOARD
--------------------------------------------------------

  CREATE TABLE "ADMIN"."SU_BOARD" 
   (	"BOARD_NO" NUMBER, 
	"MEMBER_ID" VARCHAR2(25 BYTE) COLLATE "USING_NLS_COMP", 
	"BOARD_TITLE" VARCHAR2(300 BYTE) COLLATE "USING_NLS_COMP", 
	"BOARD_CONTENT" VARCHAR2(4000 BYTE) COLLATE "USING_NLS_COMP", 
	"BOARD_DATE" DATE DEFAULT SYSDATE, 
	"BOARD_READ_COUNT" NUMBER, 
	"BOARD_CATEGORY" VARCHAR2(100 BYTE) COLLATE "USING_NLS_COMP"
   )  DEFAULT COLLATION "USING_NLS_COMP" SEGMENT CREATION IMMEDIATE 
  PCTFREE 10 PCTUSED 40 INITRANS 10 MAXTRANS 255 
 NOCOMPRESS LOGGING
  STORAGE(INITIAL 65536 NEXT 1048576 MINEXTENTS 1 MAXEXTENTS 2147483645
  PCTINCREASE 0 FREELISTS 1 FREELIST GROUPS 1
  BUFFER_POOL DEFAULT FLASH_CACHE DEFAULT CELL_FLASH_CACHE DEFAULT)
  TABLESPACE "DATA" ;
--------------------------------------------------------
--  DDL for Table SU_BOARD_ATTACHMENT
--------------------------------------------------------

  CREATE TABLE "ADMIN"."SU_BOARD_ATTACHMENT" 
   (	"BOARD_ATTACHMENT_NO" NUMBER, 
	"BOARD_NO" NUMBER, 
	"BOARD_ATTACHMENT_ORIGINAL_FILENAME" VARCHAR2(255 BYTE) COLLATE "USING_NLS_COMP", 
	"BOARD_ATTACHMENT_RENAME_FILENAME" VARCHAR2(255 BYTE) COLLATE "USING_NLS_COMP"
   )  DEFAULT COLLATION "USING_NLS_COMP" SEGMENT CREATION IMMEDIATE 
  PCTFREE 10 PCTUSED 40 INITRANS 10 MAXTRANS 255 
 NOCOMPRESS LOGGING
  STORAGE(INITIAL 65536 NEXT 1048576 MINEXTENTS 1 MAXEXTENTS 2147483645
  PCTINCREASE 0 FREELISTS 1 FREELIST GROUPS 1
  BUFFER_POOL DEFAULT FLASH_CACHE DEFAULT CELL_FLASH_CACHE DEFAULT)
  TABLESPACE "DATA" ;
--------------------------------------------------------
--  DDL for Table SU_CHATCONTENT
--------------------------------------------------------

  CREATE TABLE "ADMIN"."SU_CHATCONTENT" 
   (	"CHATCONTENT_NO" NUMBER, 
	"CHATROOM_NO" NUMBER, 
	"MEMBER_NO" NUMBER, 
	"CHATCONTENT_CONTENT" VARCHAR2(1000 BYTE) COLLATE "USING_NLS_COMP", 
	"CHATCONTENT_DATE" DATE
   )  DEFAULT COLLATION "USING_NLS_COMP" SEGMENT CREATION DEFERRED 
  PCTFREE 10 PCTUSED 40 INITRANS 10 MAXTRANS 255 
 NOCOMPRESS LOGGING
  TABLESPACE "DATA" ;
--------------------------------------------------------
--  DDL for Table SU_CHATROOM
--------------------------------------------------------

  CREATE TABLE "ADMIN"."SU_CHATROOM" 
   (	"CHATROOM_NO" NUMBER, 
	"MEMBER_NO" NUMBER
   )  DEFAULT COLLATION "USING_NLS_COMP" SEGMENT CREATION DEFERRED 
  PCTFREE 10 PCTUSED 40 INITRANS 10 MAXTRANS 255 
 NOCOMPRESS LOGGING
  TABLESPACE "DATA" ;
--------------------------------------------------------
--  DDL for Table SU_DEPARTMENT
--------------------------------------------------------

  CREATE TABLE "ADMIN"."SU_DEPARTMENT" 
   (	"DEPARTMENT_NO" VARCHAR2(100 BYTE) COLLATE "USING_NLS_COMP", 
	"DEPARTMENT_NAME" VARCHAR2(100 BYTE) COLLATE "USING_NLS_COMP"
   )  DEFAULT COLLATION "USING_NLS_COMP" SEGMENT CREATION IMMEDIATE 
  PCTFREE 10 PCTUSED 40 INITRANS 10 MAXTRANS 255 
 NOCOMPRESS LOGGING
  STORAGE(INITIAL 65536 NEXT 1048576 MINEXTENTS 1 MAXEXTENTS 2147483645
  PCTINCREASE 0 FREELISTS 1 FREELIST GROUPS 1
  BUFFER_POOL DEFAULT FLASH_CACHE DEFAULT CELL_FLASH_CACHE DEFAULT)
  TABLESPACE "DATA" ;
--------------------------------------------------------
--  DDL for Table SU_GRADE
--------------------------------------------------------

  CREATE TABLE "ADMIN"."SU_GRADE" 
   (	"REGISTER_NO" NUMBER, 
	"GRADE_MIDDLE" NUMBER, 
	"GRADE_FINAL" NUMBER, 
	"GRADE_ASSIGNMENT" NUMBER, 
	"GRADE_ATTEND" NUMBER
   )  DEFAULT COLLATION "USING_NLS_COMP" SEGMENT CREATION IMMEDIATE 
  PCTFREE 10 PCTUSED 40 INITRANS 10 MAXTRANS 255 
 NOCOMPRESS LOGGING
  STORAGE(INITIAL 65536 NEXT 1048576 MINEXTENTS 1 MAXEXTENTS 2147483645
  PCTINCREASE 0 FREELISTS 1 FREELIST GROUPS 1
  BUFFER_POOL DEFAULT FLASH_CACHE DEFAULT CELL_FLASH_CACHE DEFAULT)
  TABLESPACE "DATA" ;
--------------------------------------------------------
--  DDL for Table SU_MEMBER
--------------------------------------------------------

  CREATE TABLE "ADMIN"."SU_MEMBER" 
   (	"MEMBER_NO" NUMBER, 
	"DEPARTMENT_NO" VARCHAR2(100 BYTE) COLLATE "USING_NLS_COMP", 
	"MEMBER_ID" VARCHAR2(25 BYTE) COLLATE "USING_NLS_COMP", 
	"MEMBER_PW" VARCHAR2(300 BYTE) COLLATE "USING_NLS_COMP", 
	"MEMBER_NAME" VARCHAR2(25 BYTE) COLLATE "USING_NLS_COMP", 
	"MEMBER_BIRTH" DATE, 
	"MEMBER_PHONE" CHAR(11 BYTE) COLLATE "USING_NLS_COMP", 
	"MEMBER_EMAIL" VARCHAR2(200 BYTE) COLLATE "USING_NLS_COMP", 
	"MEMBER_IMG" VARCHAR2(500 BYTE) COLLATE "USING_NLS_COMP", 
	"MEMBER_ROLE" CHAR(1 BYTE) COLLATE "USING_NLS_COMP", 
	"MEMBER_LEVEL" CHAR(1 BYTE) COLLATE "USING_NLS_COMP" DEFAULT '1', 
	"ENROLL_DATE" DATE DEFAULT sysdate
   )  DEFAULT COLLATION "USING_NLS_COMP" SEGMENT CREATION IMMEDIATE 
  PCTFREE 10 PCTUSED 40 INITRANS 10 MAXTRANS 255 
 NOCOMPRESS LOGGING
  STORAGE(INITIAL 65536 NEXT 1048576 MINEXTENTS 1 MAXEXTENTS 2147483645
  PCTINCREASE 0 FREELISTS 1 FREELIST GROUPS 1
  BUFFER_POOL DEFAULT FLASH_CACHE DEFAULT CELL_FLASH_CACHE DEFAULT)
  TABLESPACE "DATA" ;
--------------------------------------------------------
--  DDL for Table SU_NOTICE
--------------------------------------------------------

  CREATE TABLE "ADMIN"."SU_NOTICE" 
   (	"NOTICE_NO" NUMBER, 
	"MEMBER_ID" VARCHAR2(25 BYTE) COLLATE "USING_NLS_COMP", 
	"NOTICE_TITLE" VARCHAR2(300 BYTE) COLLATE "USING_NLS_COMP", 
	"NOTICE_CONTENT" VARCHAR2(4000 BYTE) COLLATE "USING_NLS_COMP", 
	"NOTICE_READ_COUNT" NUMBER, 
	"NOTICE_DATE" DATE DEFAULT SYSDATE
   )  DEFAULT COLLATION "USING_NLS_COMP" SEGMENT CREATION IMMEDIATE 
  PCTFREE 10 PCTUSED 40 INITRANS 10 MAXTRANS 255 
 NOCOMPRESS LOGGING
  STORAGE(INITIAL 65536 NEXT 1048576 MINEXTENTS 1 MAXEXTENTS 2147483645
  PCTINCREASE 0 FREELISTS 1 FREELIST GROUPS 1
  BUFFER_POOL DEFAULT FLASH_CACHE DEFAULT CELL_FLASH_CACHE DEFAULT)
  TABLESPACE "DATA" ;
--------------------------------------------------------
--  DDL for Table SU_NOTICE_ATTACHMENT
--------------------------------------------------------

  CREATE TABLE "ADMIN"."SU_NOTICE_ATTACHMENT" 
   (	"NOTICE_ATTACHMENT_NO" NUMBER, 
	"NOTICE_NO" NUMBER, 
	"NOTICE_ATTACHMENT_ORIGINAL_FILENAME" VARCHAR2(255 BYTE) COLLATE "USING_NLS_COMP", 
	"NOTICE_ATTACHMENT_RENAME_FILENAME" VARCHAR2(255 BYTE) COLLATE "USING_NLS_COMP"
   )  DEFAULT COLLATION "USING_NLS_COMP" SEGMENT CREATION IMMEDIATE 
  PCTFREE 10 PCTUSED 40 INITRANS 10 MAXTRANS 255 
 NOCOMPRESS LOGGING
  STORAGE(INITIAL 65536 NEXT 1048576 MINEXTENTS 1 MAXEXTENTS 2147483645
  PCTINCREASE 0 FREELISTS 1 FREELIST GROUPS 1
  BUFFER_POOL DEFAULT FLASH_CACHE DEFAULT CELL_FLASH_CACHE DEFAULT)
  TABLESPACE "DATA" ;
--------------------------------------------------------
--  DDL for Table SU_REGISTER
--------------------------------------------------------

  CREATE TABLE "ADMIN"."SU_REGISTER" 
   (	"REGISTER_NO" NUMBER, 
	"SUBJECT_NO" VARCHAR2(100 BYTE) COLLATE "USING_NLS_COMP", 
	"MEMBER_NO" NUMBER
   )  DEFAULT COLLATION "USING_NLS_COMP" SEGMENT CREATION IMMEDIATE 
  PCTFREE 10 PCTUSED 40 INITRANS 10 MAXTRANS 255 
 NOCOMPRESS LOGGING
  STORAGE(INITIAL 65536 NEXT 1048576 MINEXTENTS 1 MAXEXTENTS 2147483645
  PCTINCREASE 0 FREELISTS 1 FREELIST GROUPS 1
  BUFFER_POOL DEFAULT FLASH_CACHE DEFAULT CELL_FLASH_CACHE DEFAULT)
  TABLESPACE "DATA" ;
--------------------------------------------------------
--  DDL for Table SU_SUBJECT
--------------------------------------------------------

  CREATE TABLE "ADMIN"."SU_SUBJECT" 
   (	"SUBJECT_NO" VARCHAR2(100 BYTE) COLLATE "USING_NLS_COMP", 
	"MEMBER_NO" NUMBER, 
	"DEPARTMENT_NO" VARCHAR2(100 BYTE) COLLATE "USING_NLS_COMP", 
	"SUBJECT_NAME" VARCHAR2(100 BYTE) COLLATE "USING_NLS_COMP", 
	"SUBJECT_TIME" VARCHAR2(100 BYTE) COLLATE "USING_NLS_COMP", 
	"SUBJECT_CLASSROOM" VARCHAR2(25 BYTE) COLLATE "USING_NLS_COMP", 
	"SUBJECT_CREDIT" CHAR(1 BYTE) COLLATE "USING_NLS_COMP", 
	"SUBJECT_LEBEL" CHAR(1 BYTE) COLLATE "USING_NLS_COMP", 
	"SUBJECT_TERM" VARCHAR2(25 BYTE) COLLATE "USING_NLS_COMP"
   )  DEFAULT COLLATION "USING_NLS_COMP" SEGMENT CREATION IMMEDIATE 
  PCTFREE 10 PCTUSED 40 INITRANS 10 MAXTRANS 255 
 NOCOMPRESS LOGGING
  STORAGE(INITIAL 65536 NEXT 1048576 MINEXTENTS 1 MAXEXTENTS 2147483645
  PCTINCREASE 0 FREELISTS 1 FREELIST GROUPS 1
  BUFFER_POOL DEFAULT FLASH_CACHE DEFAULT CELL_FLASH_CACHE DEFAULT)
  TABLESPACE "DATA" ;
--------------------------------------------------------
--  DDL for Table SU_BOARD
--------------------------------------------------------

  CREATE TABLE "ADMIN"."SU_BOARD" 
   (	"BOARD_NO" NUMBER, 
	"MEMBER_ID" VARCHAR2(25 BYTE) COLLATE "USING_NLS_COMP", 
	"BOARD_TITLE" VARCHAR2(300 BYTE) COLLATE "USING_NLS_COMP", 
	"BOARD_CONTENT" VARCHAR2(4000 BYTE) COLLATE "USING_NLS_COMP", 
	"BOARD_DATE" DATE DEFAULT SYSDATE, 
	"BOARD_READ_COUNT" NUMBER, 
	"BOARD_CATEGORY" VARCHAR2(100 BYTE) COLLATE "USING_NLS_COMP"
   )  DEFAULT COLLATION "USING_NLS_COMP" SEGMENT CREATION IMMEDIATE 
  PCTFREE 10 PCTUSED 40 INITRANS 10 MAXTRANS 255 
 NOCOMPRESS LOGGING
  STORAGE(INITIAL 65536 NEXT 1048576 MINEXTENTS 1 MAXEXTENTS 2147483645
  PCTINCREASE 0 FREELISTS 1 FREELIST GROUPS 1
  BUFFER_POOL DEFAULT FLASH_CACHE DEFAULT CELL_FLASH_CACHE DEFAULT)
  TABLESPACE "DATA" ;
--------------------------------------------------------
--  DDL for Table SU_MEMBER
--------------------------------------------------------

  CREATE TABLE "ADMIN"."SU_MEMBER" 
   (	"MEMBER_NO" NUMBER, 
	"DEPARTMENT_NO" VARCHAR2(100 BYTE) COLLATE "USING_NLS_COMP", 
	"MEMBER_ID" VARCHAR2(25 BYTE) COLLATE "USING_NLS_COMP", 
	"MEMBER_PW" VARCHAR2(300 BYTE) COLLATE "USING_NLS_COMP", 
	"MEMBER_NAME" VARCHAR2(25 BYTE) COLLATE "USING_NLS_COMP", 
	"MEMBER_BIRTH" DATE, 
	"MEMBER_PHONE" CHAR(11 BYTE) COLLATE "USING_NLS_COMP", 
	"MEMBER_EMAIL" VARCHAR2(200 BYTE) COLLATE "USING_NLS_COMP", 
	"MEMBER_IMG" VARCHAR2(500 BYTE) COLLATE "USING_NLS_COMP", 
	"MEMBER_ROLE" CHAR(1 BYTE) COLLATE "USING_NLS_COMP", 
	"MEMBER_LEVEL" CHAR(1 BYTE) COLLATE "USING_NLS_COMP" DEFAULT '1', 
	"ENROLL_DATE" DATE DEFAULT sysdate
   )  DEFAULT COLLATION "USING_NLS_COMP" SEGMENT CREATION IMMEDIATE 
  PCTFREE 10 PCTUSED 40 INITRANS 10 MAXTRANS 255 
 NOCOMPRESS LOGGING
  STORAGE(INITIAL 65536 NEXT 1048576 MINEXTENTS 1 MAXEXTENTS 2147483645
  PCTINCREASE 0 FREELISTS 1 FREELIST GROUPS 1
  BUFFER_POOL DEFAULT FLASH_CACHE DEFAULT CELL_FLASH_CACHE DEFAULT)
  TABLESPACE "DATA" ;
--------------------------------------------------------
--  DDL for Table SU_CHATROOM
--------------------------------------------------------

  CREATE TABLE "ADMIN"."SU_CHATROOM" 
   (	"CHATROOM_NO" NUMBER, 
	"MEMBER_NO" NUMBER
   )  DEFAULT COLLATION "USING_NLS_COMP" SEGMENT CREATION DEFERRED 
  PCTFREE 10 PCTUSED 40 INITRANS 10 MAXTRANS 255 
 NOCOMPRESS LOGGING
  TABLESPACE "DATA" ;
--------------------------------------------------------
--  DDL for Table SU_REGISTER
--------------------------------------------------------

  CREATE TABLE "ADMIN"."SU_REGISTER" 
   (	"REGISTER_NO" NUMBER, 
	"SUBJECT_NO" VARCHAR2(100 BYTE) COLLATE "USING_NLS_COMP", 
	"MEMBER_NO" NUMBER
   )  DEFAULT COLLATION "USING_NLS_COMP" SEGMENT CREATION IMMEDIATE 
  PCTFREE 10 PCTUSED 40 INITRANS 10 MAXTRANS 255 
 NOCOMPRESS LOGGING
  STORAGE(INITIAL 65536 NEXT 1048576 MINEXTENTS 1 MAXEXTENTS 2147483645
  PCTINCREASE 0 FREELISTS 1 FREELIST GROUPS 1
  BUFFER_POOL DEFAULT FLASH_CACHE DEFAULT CELL_FLASH_CACHE DEFAULT)
  TABLESPACE "DATA" ;
--------------------------------------------------------
--  DDL for Table SU_DEPARTMENT
--------------------------------------------------------

  CREATE TABLE "ADMIN"."SU_DEPARTMENT" 
   (	"DEPARTMENT_NO" VARCHAR2(100 BYTE) COLLATE "USING_NLS_COMP", 
	"DEPARTMENT_NAME" VARCHAR2(100 BYTE) COLLATE "USING_NLS_COMP"
   )  DEFAULT COLLATION "USING_NLS_COMP" SEGMENT CREATION IMMEDIATE 
  PCTFREE 10 PCTUSED 40 INITRANS 10 MAXTRANS 255 
 NOCOMPRESS LOGGING
  STORAGE(INITIAL 65536 NEXT 1048576 MINEXTENTS 1 MAXEXTENTS 2147483645
  PCTINCREASE 0 FREELISTS 1 FREELIST GROUPS 1
  BUFFER_POOL DEFAULT FLASH_CACHE DEFAULT CELL_FLASH_CACHE DEFAULT)
  TABLESPACE "DATA" ;
--------------------------------------------------------
--  DDL for Table SU_NOTICE
--------------------------------------------------------

  CREATE TABLE "ADMIN"."SU_NOTICE" 
   (	"NOTICE_NO" NUMBER, 
	"MEMBER_ID" VARCHAR2(25 BYTE) COLLATE "USING_NLS_COMP", 
	"NOTICE_TITLE" VARCHAR2(300 BYTE) COLLATE "USING_NLS_COMP", 
	"NOTICE_CONTENT" VARCHAR2(4000 BYTE) COLLATE "USING_NLS_COMP", 
	"NOTICE_READ_COUNT" NUMBER, 
	"NOTICE_DATE" DATE DEFAULT SYSDATE
   )  DEFAULT COLLATION "USING_NLS_COMP" SEGMENT CREATION IMMEDIATE 
  PCTFREE 10 PCTUSED 40 INITRANS 10 MAXTRANS 255 
 NOCOMPRESS LOGGING
  STORAGE(INITIAL 65536 NEXT 1048576 MINEXTENTS 1 MAXEXTENTS 2147483645
  PCTINCREASE 0 FREELISTS 1 FREELIST GROUPS 1
  BUFFER_POOL DEFAULT FLASH_CACHE DEFAULT CELL_FLASH_CACHE DEFAULT)
  TABLESPACE "DATA" ;
--------------------------------------------------------
--  DDL for Table SU_SUBJECT
--------------------------------------------------------

  CREATE TABLE "ADMIN"."SU_SUBJECT" 
   (	"SUBJECT_NO" VARCHAR2(100 BYTE) COLLATE "USING_NLS_COMP", 
	"MEMBER_NO" NUMBER, 
	"DEPARTMENT_NO" VARCHAR2(100 BYTE) COLLATE "USING_NLS_COMP", 
	"SUBJECT_NAME" VARCHAR2(100 BYTE) COLLATE "USING_NLS_COMP", 
	"SUBJECT_TIME" VARCHAR2(100 BYTE) COLLATE "USING_NLS_COMP", 
	"SUBJECT_CLASSROOM" VARCHAR2(25 BYTE) COLLATE "USING_NLS_COMP", 
	"SUBJECT_CREDIT" CHAR(1 BYTE) COLLATE "USING_NLS_COMP", 
	"SUBJECT_LEBEL" CHAR(1 BYTE) COLLATE "USING_NLS_COMP", 
	"SUBJECT_TERM" VARCHAR2(25 BYTE) COLLATE "USING_NLS_COMP"
   )  DEFAULT COLLATION "USING_NLS_COMP" SEGMENT CREATION IMMEDIATE 
  PCTFREE 10 PCTUSED 40 INITRANS 10 MAXTRANS 255 
 NOCOMPRESS LOGGING
  STORAGE(INITIAL 65536 NEXT 1048576 MINEXTENTS 1 MAXEXTENTS 2147483645
  PCTINCREASE 0 FREELISTS 1 FREELIST GROUPS 1
  BUFFER_POOL DEFAULT FLASH_CACHE DEFAULT CELL_FLASH_CACHE DEFAULT)
  TABLESPACE "DATA" ;
--------------------------------------------------------
--  DDL for Table BOARD_COMMENT
--------------------------------------------------------

  CREATE TABLE "ADMIN"."BOARD_COMMENT" 
   (	"COMMENT_NO" NUMBER, 
	"MEMBER_ID" VARCHAR2(25 BYTE) COLLATE "USING_NLS_COMP", 
	"CONTENT" VARCHAR2(2000 BYTE) COLLATE "USING_NLS_COMP", 
	"BOARD_NO" NUMBER, 
	"REG_DATE" DATE DEFAULT sysdate
   )  DEFAULT COLLATION "USING_NLS_COMP" SEGMENT CREATION IMMEDIATE 
  PCTFREE 10 PCTUSED 40 INITRANS 10 MAXTRANS 255 
 NOCOMPRESS LOGGING
  STORAGE(INITIAL 65536 NEXT 1048576 MINEXTENTS 1 MAXEXTENTS 2147483645
  PCTINCREASE 0 FREELISTS 1 FREELIST GROUPS 1
  BUFFER_POOL DEFAULT FLASH_CACHE DEFAULT CELL_FLASH_CACHE DEFAULT)
  TABLESPACE "DATA" ;
--------------------------------------------------------
--  DDL for Table SU_BOARD_ATTACHMENT
--------------------------------------------------------

  CREATE TABLE "ADMIN"."SU_BOARD_ATTACHMENT" 
   (	"BOARD_ATTACHMENT_NO" NUMBER, 
	"BOARD_NO" NUMBER, 
	"BOARD_ATTACHMENT_ORIGINAL_FILENAME" VARCHAR2(255 BYTE) COLLATE "USING_NLS_COMP", 
	"BOARD_ATTACHMENT_RENAME_FILENAME" VARCHAR2(255 BYTE) COLLATE "USING_NLS_COMP"
   )  DEFAULT COLLATION "USING_NLS_COMP" SEGMENT CREATION IMMEDIATE 
  PCTFREE 10 PCTUSED 40 INITRANS 10 MAXTRANS 255 
 NOCOMPRESS LOGGING
  STORAGE(INITIAL 65536 NEXT 1048576 MINEXTENTS 1 MAXEXTENTS 2147483645
  PCTINCREASE 0 FREELISTS 1 FREELIST GROUPS 1
  BUFFER_POOL DEFAULT FLASH_CACHE DEFAULT CELL_FLASH_CACHE DEFAULT)
  TABLESPACE "DATA" ;
--------------------------------------------------------
--  DDL for Table SU_CHATCONTENT
--------------------------------------------------------

  CREATE TABLE "ADMIN"."SU_CHATCONTENT" 
   (	"CHATCONTENT_NO" NUMBER, 
	"CHATROOM_NO" NUMBER, 
	"MEMBER_NO" NUMBER, 
	"CHATCONTENT_CONTENT" VARCHAR2(1000 BYTE) COLLATE "USING_NLS_COMP", 
	"CHATCONTENT_DATE" DATE
   )  DEFAULT COLLATION "USING_NLS_COMP" SEGMENT CREATION DEFERRED 
  PCTFREE 10 PCTUSED 40 INITRANS 10 MAXTRANS 255 
 NOCOMPRESS LOGGING
  TABLESPACE "DATA" ;
--------------------------------------------------------
--  DDL for Table SU_NOTICE_ATTACHMENT
--------------------------------------------------------

  CREATE TABLE "ADMIN"."SU_NOTICE_ATTACHMENT" 
   (	"NOTICE_ATTACHMENT_NO" NUMBER, 
	"NOTICE_NO" NUMBER, 
	"NOTICE_ATTACHMENT_ORIGINAL_FILENAME" VARCHAR2(255 BYTE) COLLATE "USING_NLS_COMP", 
	"NOTICE_ATTACHMENT_RENAME_FILENAME" VARCHAR2(255 BYTE) COLLATE "USING_NLS_COMP"
   )  DEFAULT COLLATION "USING_NLS_COMP" SEGMENT CREATION IMMEDIATE 
  PCTFREE 10 PCTUSED 40 INITRANS 10 MAXTRANS 255 
 NOCOMPRESS LOGGING
  STORAGE(INITIAL 65536 NEXT 1048576 MINEXTENTS 1 MAXEXTENTS 2147483645
  PCTINCREASE 0 FREELISTS 1 FREELIST GROUPS 1
  BUFFER_POOL DEFAULT FLASH_CACHE DEFAULT CELL_FLASH_CACHE DEFAULT)
  TABLESPACE "DATA" ;
REM INSERTING into ADMIN.BOARD_COMMENT
SET DEFINE OFF;
Insert into ADMIN.BOARD_COMMENT (COMMENT_NO,MEMBER_ID,CONTENT,BOARD_NO,REG_DATE) values (104,'admin','dsfd',283,to_date('22/06/23','RR/MM/DD'));
Insert into ADMIN.BOARD_COMMENT (COMMENT_NO,MEMBER_ID,CONTENT,BOARD_NO,REG_DATE) values (105,'admin','안녕',239,to_date('22/06/23','RR/MM/DD'));
Insert into ADMIN.BOARD_COMMENT (COMMENT_NO,MEMBER_ID,CONTENT,BOARD_NO,REG_DATE) values (101,'admin','재학생의 경우 직전학기를 12학점 이상 이수해야하고, 백분위가 80점 이상은 성적을 획득하셔야 합니다.',104,to_date('22/06/23','RR/MM/DD'));
Insert into ADMIN.BOARD_COMMENT (COMMENT_NO,MEMBER_ID,CONTENT,BOARD_NO,REG_DATE) values (124,'hongk','저요',332,to_date('22/06/23','RR/MM/DD'));
Insert into ADMIN.BOARD_COMMENT (COMMENT_NO,MEMBER_ID,CONTENT,BOARD_NO,REG_DATE) values (63,'admin','네 은행에서 신청하시면 됩니다. :>',238,to_date('22/06/22','RR/MM/DD'));
Insert into ADMIN.BOARD_COMMENT (COMMENT_NO,MEMBER_ID,CONTENT,BOARD_NO,REG_DATE) values (62,'admin','안녕하세요
',259,to_date('22/06/21','RR/MM/DD'));
Insert into ADMIN.BOARD_COMMENT (COMMENT_NO,MEMBER_ID,CONTENT,BOARD_NO,REG_DATE) values (61,'admin','안녕하세요
',259,to_date('22/06/21','RR/MM/DD'));
Insert into ADMIN.BOARD_COMMENT (COMMENT_NO,MEMBER_ID,CONTENT,BOARD_NO,REG_DATE) values (123,'hongk','저요
',259,to_date('22/06/23','RR/MM/DD'));
REM INSERTING into ADMIN.SU_BOARD
SET DEFINE OFF;
Insert into ADMIN.SU_BOARD (BOARD_NO,MEMBER_ID,BOARD_TITLE,BOARD_CONTENT,BOARD_DATE,BOARD_READ_COUNT,BOARD_CATEGORY) values (234,'honggd','예비군 출석인정관련','예비군 출석인정은 어떻게 처리해야하나요? ',to_date('22/06/21','RR/MM/DD'),4,'Q');
Insert into ADMIN.SU_BOARD (BOARD_NO,MEMBER_ID,BOARD_TITLE,BOARD_CONTENT,BOARD_DATE,BOARD_READ_COUNT,BOARD_CATEGORY) values (331,'hongk','졸업유예','졸업유예',to_date('22/06/23','RR/MM/DD'),0,'Q');
Insert into ADMIN.SU_BOARD (BOARD_NO,MEMBER_ID,BOARD_TITLE,BOARD_CONTENT,BOARD_DATE,BOARD_READ_COUNT,BOARD_CATEGORY) values (332,'hongk','코테 공부 같이하실 분 구해요','코테',to_date('22/06/23','RR/MM/DD'),1,'S');
Insert into ADMIN.SU_BOARD (BOARD_NO,MEMBER_ID,BOARD_TITLE,BOARD_CONTENT,BOARD_DATE,BOARD_READ_COUNT,BOARD_CATEGORY) values (259,'admin','코딩테스트 같이 준비하실 분들 모집합니다.','코딩테스트 스터디원 모집합니다.
연락은 01011112222나 채팅으로 주세용',to_date('22/06/21','RR/MM/DD'),11,'S');
Insert into ADMIN.SU_BOARD (BOARD_NO,MEMBER_ID,BOARD_TITLE,BOARD_CONTENT,BOARD_DATE,BOARD_READ_COUNT,BOARD_CATEGORY) values (237,'packnr','코로나','코로나 확진으로 인해 7일 격리하느라 학교출석을 못했는데 출석인정받으려면 어떻게 해야하나요?',to_date('22/06/21','RR/MM/DD'),0,'Q');
Insert into ADMIN.SU_BOARD (BOARD_NO,MEMBER_ID,BOARD_TITLE,BOARD_CONTENT,BOARD_DATE,BOARD_READ_COUNT,BOARD_CATEGORY) values (239,'kimhs','휴학신청서','휴학신청은 했는데 휴학했다는 증빙서류출력하려는데 어디서 출력하나요?',to_date('22/06/21','RR/MM/DD'),3,'Q');
Insert into ADMIN.SU_BOARD (BOARD_NO,MEMBER_ID,BOARD_TITLE,BOARD_CONTENT,BOARD_DATE,BOARD_READ_COUNT,BOARD_CATEGORY) values (283,'sinsa','강의실 502호에서 에어팟 (연보라색 케이스)를 분실했습니다..ㅠㅠ','강의실 502호에서 에어팟을 분실했습니다. ㅠㅠ
화요일 5시쯤 강의실에서 나왔는데 집 오는 길에 잃어버린 걸 알았네요 ㅠㅠ
주우신 분 01144445555로 연락주시면 사례 꼭 하겠습니다....ㅠㅠㅠㅠㅠㅠㅠㅠ
(에어팟 사진은 아래 첨부파일에 첨부했습니다.)',to_date('22/06/22','RR/MM/DD'),5,'L');
Insert into ADMIN.SU_BOARD (BOARD_NO,MEMBER_ID,BOARD_TITLE,BOARD_CONTENT,BOARD_DATE,BOARD_READ_COUNT,BOARD_CATEGORY) values (321,'hongk','test','test',to_date('22/06/23','RR/MM/DD'),0,'L');
Insert into ADMIN.SU_BOARD (BOARD_NO,MEMBER_ID,BOARD_TITLE,BOARD_CONTENT,BOARD_DATE,BOARD_READ_COUNT,BOARD_CATEGORY) values (238,'haiy','학생증 발급','학생증 발급 받으려고 신청하러 은행으로 가야하나요? ',to_date('22/06/21','RR/MM/DD'),2,'Q');
Insert into ADMIN.SU_BOARD (BOARD_NO,MEMBER_ID,BOARD_TITLE,BOARD_CONTENT,BOARD_DATE,BOARD_READ_COUNT,BOARD_CATEGORY) values (104,'qwerty','국가장학금 성적기준 문의','국가장학금 성적기준이 궁금합니다.',to_date('22/06/18','RR/MM/DD'),8,'Q');
Insert into ADMIN.SU_BOARD (BOARD_NO,MEMBER_ID,BOARD_TITLE,BOARD_CONTENT,BOARD_DATE,BOARD_READ_COUNT,BOARD_CATEGORY) values (236,'hongk','출석인정관련','질병때문에 출석인정허가가 필요한 상황인데 제출양식은 어디에 있나요?',to_date('22/06/21','RR/MM/DD'),2,'Q');
Insert into ADMIN.SU_BOARD (BOARD_NO,MEMBER_ID,BOARD_TITLE,BOARD_CONTENT,BOARD_DATE,BOARD_READ_COUNT,BOARD_CATEGORY) values (281,'honggd','8월 2일 토익 시험 준비 같이하실 분 모집합니다.','8월 2일 토익시험 보시는 분들 중에 같이 준비하실 분은 010-2323-2323이나 honggd@naver.com으로 연락부탁드립니다..',to_date('22/06/22','RR/MM/DD'),1,'S');
REM INSERTING into ADMIN.SU_BOARD_ATTACHMENT
SET DEFINE OFF;
Insert into ADMIN.SU_BOARD_ATTACHMENT (BOARD_ATTACHMENT_NO,BOARD_NO,BOARD_ATTACHMENT_ORIGINAL_FILENAME,BOARD_ATTACHMENT_RENAME_FILENAME) values (191,331,'파.jpg','20220623_231950757_311.jpg');
Insert into ADMIN.SU_BOARD_ATTACHMENT (BOARD_ATTACHMENT_NO,BOARD_NO,BOARD_ATTACHMENT_ORIGINAL_FILENAME,BOARD_ATTACHMENT_RENAME_FILENAME) values (192,332,'파.jpg','20220623_232200601_161.jpg');
Insert into ADMIN.SU_BOARD_ATTACHMENT (BOARD_ATTACHMENT_NO,BOARD_NO,BOARD_ATTACHMENT_ORIGINAL_FILENAME,BOARD_ATTACHMENT_RENAME_FILENAME) values (161,283,'My project (1).png','20220623_202817070_010.png');
Insert into ADMIN.SU_BOARD_ATTACHMENT (BOARD_ATTACHMENT_NO,BOARD_NO,BOARD_ATTACHMENT_ORIGINAL_FILENAME,BOARD_ATTACHMENT_RENAME_FILENAME) values (141,283,'분실한 에어팟 사진.jfif','20220623_005558216_586.jfif');
Insert into ADMIN.SU_BOARD_ATTACHMENT (BOARD_ATTACHMENT_NO,BOARD_NO,BOARD_ATTACHMENT_ORIGINAL_FILENAME,BOARD_ATTACHMENT_RENAME_FILENAME) values (121,259,'—Pngtree—vector male student icon_3785524.png','20220622_014939966_661.png');
Insert into ADMIN.SU_BOARD_ATTACHMENT (BOARD_ATTACHMENT_NO,BOARD_NO,BOARD_ATTACHMENT_ORIGINAL_FILENAME,BOARD_ATTACHMENT_RENAME_FILENAME) values (181,321,'냠냐미_쿼카카.png','20220623_230159142_875.png');
REM INSERTING into ADMIN.SU_CHATCONTENT
SET DEFINE OFF;
REM INSERTING into ADMIN.SU_CHATROOM
SET DEFINE OFF;
REM INSERTING into ADMIN.SU_DEPARTMENT
SET DEFINE OFF;
Insert into ADMIN.SU_DEPARTMENT (DEPARTMENT_NO,DEPARTMENT_NAME) values ('D1','컴퓨터소프트웨어학과');
Insert into ADMIN.SU_DEPARTMENT (DEPARTMENT_NO,DEPARTMENT_NAME) values ('D2','정보통신공학과');
Insert into ADMIN.SU_DEPARTMENT (DEPARTMENT_NO,DEPARTMENT_NAME) values ('D3','전자공학과');
Insert into ADMIN.SU_DEPARTMENT (DEPARTMENT_NO,DEPARTMENT_NAME) values ('D4','생활체육과');
Insert into ADMIN.SU_DEPARTMENT (DEPARTMENT_NO,DEPARTMENT_NAME) values ('D5','경영학과');
Insert into ADMIN.SU_DEPARTMENT (DEPARTMENT_NO,DEPARTMENT_NAME) values ('D0','관리자');
REM INSERTING into ADMIN.SU_GRADE
SET DEFINE OFF;
Insert into ADMIN.SU_GRADE (REGISTER_NO,GRADE_MIDDLE,GRADE_FINAL,GRADE_ASSIGNMENT,GRADE_ATTEND) values (null,10,10,10,10);
Insert into ADMIN.SU_GRADE (REGISTER_NO,GRADE_MIDDLE,GRADE_FINAL,GRADE_ASSIGNMENT,GRADE_ATTEND) values (null,9,9,9,9);
Insert into ADMIN.SU_GRADE (REGISTER_NO,GRADE_MIDDLE,GRADE_FINAL,GRADE_ASSIGNMENT,GRADE_ATTEND) values (118,25,30,15,10);
Insert into ADMIN.SU_GRADE (REGISTER_NO,GRADE_MIDDLE,GRADE_FINAL,GRADE_ASSIGNMENT,GRADE_ATTEND) values (null,30,40,20,10);
Insert into ADMIN.SU_GRADE (REGISTER_NO,GRADE_MIDDLE,GRADE_FINAL,GRADE_ASSIGNMENT,GRADE_ATTEND) values (1,25,35,20,10);
Insert into ADMIN.SU_GRADE (REGISTER_NO,GRADE_MIDDLE,GRADE_FINAL,GRADE_ASSIGNMENT,GRADE_ATTEND) values (2,25,35,15,5);
Insert into ADMIN.SU_GRADE (REGISTER_NO,GRADE_MIDDLE,GRADE_FINAL,GRADE_ASSIGNMENT,GRADE_ATTEND) values (3,20,25,20,10);
Insert into ADMIN.SU_GRADE (REGISTER_NO,GRADE_MIDDLE,GRADE_FINAL,GRADE_ASSIGNMENT,GRADE_ATTEND) values (8,30,35,10,10);
Insert into ADMIN.SU_GRADE (REGISTER_NO,GRADE_MIDDLE,GRADE_FINAL,GRADE_ASSIGNMENT,GRADE_ATTEND) values (null,20,20,10,10);
Insert into ADMIN.SU_GRADE (REGISTER_NO,GRADE_MIDDLE,GRADE_FINAL,GRADE_ASSIGNMENT,GRADE_ATTEND) values (65,10,10,10,10);
Insert into ADMIN.SU_GRADE (REGISTER_NO,GRADE_MIDDLE,GRADE_FINAL,GRADE_ASSIGNMENT,GRADE_ATTEND) values (null,10,10,10,10);
REM INSERTING into ADMIN.SU_MEMBER
SET DEFINE OFF;
Insert into ADMIN.SU_MEMBER (MEMBER_NO,DEPARTMENT_NO,MEMBER_ID,MEMBER_PW,MEMBER_NAME,MEMBER_BIRTH,MEMBER_PHONE,MEMBER_EMAIL,MEMBER_IMG,MEMBER_ROLE,MEMBER_LEVEL,ENROLL_DATE) values (162,'D1','aa1234','fZd6HdWl1fkPXj9WT4B/JmTGq7tSNvaAL4sLAUw6La3IMtLtfQUbnNsx9iQf8ANWZW6GLL4FSpwea62aq0sC1g==','김에이',to_date('94/07/07','RR/MM/DD'),'01012341234','sonsg1234@naver.con',null,'S','1',to_date('22/06/22','RR/MM/DD'));
Insert into ADMIN.SU_MEMBER (MEMBER_NO,DEPARTMENT_NO,MEMBER_ID,MEMBER_PW,MEMBER_NAME,MEMBER_BIRTH,MEMBER_PHONE,MEMBER_EMAIL,MEMBER_IMG,MEMBER_ROLE,MEMBER_LEVEL,ENROLL_DATE) values (201,'D1','test12345','vm+KhAqkF+6t1M2c9xFrEP3i8fWrvKQHSbaIoGO9qto2MLemDT//xtACDZ/8Cg21IeSnylivFTeHZBHbzA5usA==','김테스트',to_date('94/07/07','RR/MM/DD'),'01012345123','test12345@naver.com',null,'S','1',to_date('22/06/23','RR/MM/DD'));
Insert into ADMIN.SU_MEMBER (MEMBER_NO,DEPARTMENT_NO,MEMBER_ID,MEMBER_PW,MEMBER_NAME,MEMBER_BIRTH,MEMBER_PHONE,MEMBER_EMAIL,MEMBER_IMG,MEMBER_ROLE,MEMBER_LEVEL,ENROLL_DATE) values (144,'D1','aaaa1234','Ki/7jgkv4t5NuQg23U5ReHj4NJZYg9H17ROjEKFWYyQ8uXjhZ4ZUAf1P6nUmle7Sq8SoRpggyrtb7Z9RNKnskQ==','에이비',to_date('94/07/07','RR/MM/DD'),'01012341234','aaaa1234@naver.com',null,'S','1',to_date('22/06/22','RR/MM/DD'));
Insert into ADMIN.SU_MEMBER (MEMBER_NO,DEPARTMENT_NO,MEMBER_ID,MEMBER_PW,MEMBER_NAME,MEMBER_BIRTH,MEMBER_PHONE,MEMBER_EMAIL,MEMBER_IMG,MEMBER_ROLE,MEMBER_LEVEL,ENROLL_DATE) values (101,'D3','coding1234','JW8rUPyztV5kuFZOTlI42Nd1EDZu9CTSx7P+jpdECzDFqRDuWfZ8jOou3Oex7g4ShCySaQ77jW2a5ROCX2cHGA==','김코딩',to_date('94/07/07','RR/MM/DD'),'01012341234','coding1234@naver.com',null,'S','1',to_date('22/06/20','RR/MM/DD'));
Insert into ADMIN.SU_MEMBER (MEMBER_NO,DEPARTMENT_NO,MEMBER_ID,MEMBER_PW,MEMBER_NAME,MEMBER_BIRTH,MEMBER_PHONE,MEMBER_EMAIL,MEMBER_IMG,MEMBER_ROLE,MEMBER_LEVEL,ENROLL_DATE) values (7,'D3','electric01','R5UqTBv9ZCg9t7Uy3DwvbRiZD3kdqQLzFSbQ9iWqtO5hAeZY7fBn6fbs5D8KxVoqIhsmrmmKKERuyo02Is51qg==','전교수',to_date('66/06/06','RR/MM/DD'),'01012381239','electric01@gmail,com',null,'P',null,to_date('22/06/10','RR/MM/DD'));
Insert into ADMIN.SU_MEMBER (MEMBER_NO,DEPARTMENT_NO,MEMBER_ID,MEMBER_PW,MEMBER_NAME,MEMBER_BIRTH,MEMBER_PHONE,MEMBER_EMAIL,MEMBER_IMG,MEMBER_ROLE,MEMBER_LEVEL,ENROLL_DATE) values (8,'D3','electric02','O8PTMpEMyiFuzD6W1w+c4+L86pggcFZ8gjVqS+4UMRvqYYBjiRFyia71RmAA+J1yb5e1gaKGBi5fpuHCVF6uMw==','장교수',to_date('55/05/05','RR/MM/DD'),'01012371235','electric012@gmail.com',null,'P',null,to_date('22/06/10','RR/MM/DD'));
Insert into ADMIN.SU_MEMBER (MEMBER_NO,DEPARTMENT_NO,MEMBER_ID,MEMBER_PW,MEMBER_NAME,MEMBER_BIRTH,MEMBER_PHONE,MEMBER_EMAIL,MEMBER_IMG,MEMBER_ROLE,MEMBER_LEVEL,ENROLL_DATE) values (9,'D3','electric03','FSFl1N4WnyQdes+ce3lruWTj49qo5mGjC5hBKsbTRvT5tvp2SIo7REE8nVdLGCg+4Ht5yedVJ5w8PixAC7ZYZg==','송교수',to_date('77/07/07','RR/MM/DD'),'01012311232','electric03@gmail.com',null,'P',null,to_date('22/06/10','RR/MM/DD'));
Insert into ADMIN.SU_MEMBER (MEMBER_NO,DEPARTMENT_NO,MEMBER_ID,MEMBER_PW,MEMBER_NAME,MEMBER_BIRTH,MEMBER_PHONE,MEMBER_EMAIL,MEMBER_IMG,MEMBER_ROLE,MEMBER_LEVEL,ENROLL_DATE) values (10,'D5','kimgy','J90eDV4AmUUPcg1brzAumtg7455sME4ikhsMMYy9wuG1GXzlaSOSQVDb6jnCbHB/SU0GTRA86nw1k5q2cqeXHQ==','김경영',to_date('65/12/18','RR/MM/DD'),'01098769876','kimgy@gmail.com',null,'P',null,to_date('22/06/10','RR/MM/DD'));
Insert into ADMIN.SU_MEMBER (MEMBER_NO,DEPARTMENT_NO,MEMBER_ID,MEMBER_PW,MEMBER_NAME,MEMBER_BIRTH,MEMBER_PHONE,MEMBER_EMAIL,MEMBER_IMG,MEMBER_ROLE,MEMBER_LEVEL,ENROLL_DATE) values (11,'D5','leegy','HqK20e81JP08hxEU+s01P6SNCZi0vdiDuRKtf8ZHJTV4VfXMokZpsnIUefNb6kAZYGX1nvaQDSHNv3uSqvKQwg==','이경영',to_date('70/12/04','RR/MM/DD'),'01078787878','leegy@gmail.com',null,'P',null,to_date('22/06/10','RR/MM/DD'));
Insert into ADMIN.SU_MEMBER (MEMBER_NO,DEPARTMENT_NO,MEMBER_ID,MEMBER_PW,MEMBER_NAME,MEMBER_BIRTH,MEMBER_PHONE,MEMBER_EMAIL,MEMBER_IMG,MEMBER_ROLE,MEMBER_LEVEL,ENROLL_DATE) values (12,'D5','parkgy','SNLwe7m/RCIjSLVT1qfi4Uqfep7rBg+svlLp8QsXJ0iaMMR0MHvuygzivhZfuiYvLyikx4mpcKBzidkX/7EGog==','박경영',to_date('59/01/23','RR/MM/DD'),'01056568787','parkgy@gmail.com',null,'P',null,to_date('22/06/10','RR/MM/DD'));
Insert into ADMIN.SU_MEMBER (MEMBER_NO,DEPARTMENT_NO,MEMBER_ID,MEMBER_PW,MEMBER_NAME,MEMBER_BIRTH,MEMBER_PHONE,MEMBER_EMAIL,MEMBER_IMG,MEMBER_ROLE,MEMBER_LEVEL,ENROLL_DATE) values (4,'D1','computer1','PlomRR9tKX660v/TnFU54NwoJo6TRwCGS/JTtNDgmPexqO53ktmRNA6iGS2LGZEy6jg+RkySDQvQW66AWbkXuA==','홍창기',to_date('80/06/22','RR/MM/DD'),'01012341234','computer1@naver.com',null,'P',null,to_date('22/06/10','RR/MM/DD'));
Insert into ADMIN.SU_MEMBER (MEMBER_NO,DEPARTMENT_NO,MEMBER_ID,MEMBER_PW,MEMBER_NAME,MEMBER_BIRTH,MEMBER_PHONE,MEMBER_EMAIL,MEMBER_IMG,MEMBER_ROLE,MEMBER_LEVEL,ENROLL_DATE) values (5,'D1','computer2','h7l8pynd84XLrb+sR1OGGldkH3QYbFqEUi+4VrtSqbnUwiMiJA/XwKZs8Ji6T0BzQRHGoHEcaCcbSou+X9n3uw==','이재원',to_date('90/06/22','RR/MM/DD'),'01012341234','computer2@naver.com',null,'P',null,to_date('22/06/10','RR/MM/DD'));
Insert into ADMIN.SU_MEMBER (MEMBER_NO,DEPARTMENT_NO,MEMBER_ID,MEMBER_PW,MEMBER_NAME,MEMBER_BIRTH,MEMBER_PHONE,MEMBER_EMAIL,MEMBER_IMG,MEMBER_ROLE,MEMBER_LEVEL,ENROLL_DATE) values (6,'D1','computer3','az6L5BT9e+Z3zyHe+7eQ8MGQdYflD5kF1wdhjSU6AnlF6J+xk1S4dZveaETqexnibrj1r1VQMGXMLzmbtMUJlw==','오지환',to_date('70/06/22','RR/MM/DD'),'01012341234','computer3@naver.com',null,'P',null,to_date('22/06/10','RR/MM/DD'));
Insert into ADMIN.SU_MEMBER (MEMBER_NO,DEPARTMENT_NO,MEMBER_ID,MEMBER_PW,MEMBER_NAME,MEMBER_BIRTH,MEMBER_PHONE,MEMBER_EMAIL,MEMBER_IMG,MEMBER_ROLE,MEMBER_LEVEL,ENROLL_DATE) values (1,'D2','codinggosu','uMUyd+DFxyuIew4EwJW6Zn7ZMmImbiK+Fz3WaccxDWKRyYTms4Nk5Ug/33IlX6E3FoTISwDKeVh8Ul5UGatyeQ==','전교수',to_date('60/05/15','RR/MM/DD'),'01012345678','gosu@naver.com',null,'P',null,to_date('22/06/10','RR/MM/DD'));
Insert into ADMIN.SU_MEMBER (MEMBER_NO,DEPARTMENT_NO,MEMBER_ID,MEMBER_PW,MEMBER_NAME,MEMBER_BIRTH,MEMBER_PHONE,MEMBER_EMAIL,MEMBER_IMG,MEMBER_ROLE,MEMBER_LEVEL,ENROLL_DATE) values (2,'D2','sqlgosu','ewMU2sG7/XoCrfeh2OAJarVDmMesX5ozcsTQBAH7IgtVkP935HdSAS3qQlaJuca+lnj4JGSXCpZfVsd/RP8ipg==','김고수',to_date('59/04/13','RR/MM/DD'),'01012123434','sql@naver.com',null,'P',null,to_date('22/06/10','RR/MM/DD'));
Insert into ADMIN.SU_MEMBER (MEMBER_NO,DEPARTMENT_NO,MEMBER_ID,MEMBER_PW,MEMBER_NAME,MEMBER_BIRTH,MEMBER_PHONE,MEMBER_EMAIL,MEMBER_IMG,MEMBER_ROLE,MEMBER_LEVEL,ENROLL_DATE) values (3,'D2','ajaxgosu','3bc0gUcJ1M/bs0svjPQQZWEqeGromHphZ4BndDm7/Vjd7kx2H7I7IsuXITzX9X19K3m4CEQpRz08N6tG6OinKA==','엘고수',to_date('70/03/03','RR/MM/DD'),'01012341212','ajax@naver.com',null,'P',null,to_date('22/06/10','RR/MM/DD'));
Insert into ADMIN.SU_MEMBER (MEMBER_NO,DEPARTMENT_NO,MEMBER_ID,MEMBER_PW,MEMBER_NAME,MEMBER_BIRTH,MEMBER_PHONE,MEMBER_EMAIL,MEMBER_IMG,MEMBER_ROLE,MEMBER_LEVEL,ENROLL_DATE) values (13,'D4','physical','BJnT/QphubXp2bWps6vOJ/VpRzGiNQ2Nf/96HXMYsjfVVy/uRwxu/ctkh1esv+HJLOIrupvcRjDjFOEFexEyuw==','아고수',to_date('62/06/01','RR/MM/DD'),'01014235020','physical@gmail.com',null,'P',null,to_date('22/06/10','RR/MM/DD'));
Insert into ADMIN.SU_MEMBER (MEMBER_NO,DEPARTMENT_NO,MEMBER_ID,MEMBER_PW,MEMBER_NAME,MEMBER_BIRTH,MEMBER_PHONE,MEMBER_EMAIL,MEMBER_IMG,MEMBER_ROLE,MEMBER_LEVEL,ENROLL_DATE) values (14,'D4','ohohs','zEOxtSHyYLpaMRuBHMg5lWv+Ki/1D7K0zvGTGBWzw2xvC9nPg/JAJavF3e6WqurEx7IuOkHayhpj0WAHdmcyIw==','한운동',to_date('56/12/25','RR/MM/DD'),'01094805536','ohohs@naver.com',null,'P',null,to_date('22/06/10','RR/MM/DD'));
Insert into ADMIN.SU_MEMBER (MEMBER_NO,DEPARTMENT_NO,MEMBER_ID,MEMBER_PW,MEMBER_NAME,MEMBER_BIRTH,MEMBER_PHONE,MEMBER_EMAIL,MEMBER_IMG,MEMBER_ROLE,MEMBER_LEVEL,ENROLL_DATE) values (15,'D4','swimss','w4nuXzjjxYmR3RNcpnIRaKbamn54nLKpgiJl5j6w7cc4cnkmm6EeAYHJx7G+tLLrSVGDd/0NIteJvCHbaeAkMA==','박태환',to_date('89/09/27','RR/MM/DD'),'01089092727','park@naver.com',null,'P',null,to_date('22/06/10','RR/MM/DD'));
Insert into ADMIN.SU_MEMBER (MEMBER_NO,DEPARTMENT_NO,MEMBER_ID,MEMBER_PW,MEMBER_NAME,MEMBER_BIRTH,MEMBER_PHONE,MEMBER_EMAIL,MEMBER_IMG,MEMBER_ROLE,MEMBER_LEVEL,ENROLL_DATE) values (11111111,'D1','honggd','pPQhE2dz1CciUwfgsxBAKT7P5Ji9ppMEm8jDiraEVewDeV/QbRypPSQC6YK+qNITJLl73kXlHFY4yulpV0jxzA==','홍길동',to_date('97/02/03','RR/MM/DD'),'01014781478','honggd@naver.com',null,'S','1',to_date('22/06/15','RR/MM/DD'));
Insert into ADMIN.SU_MEMBER (MEMBER_NO,DEPARTMENT_NO,MEMBER_ID,MEMBER_PW,MEMBER_NAME,MEMBER_BIRTH,MEMBER_PHONE,MEMBER_EMAIL,MEMBER_IMG,MEMBER_ROLE,MEMBER_LEVEL,ENROLL_DATE) values (11111112,'D1','qwerty','dwscFdjHOBrdrPjdDgS59PgOfvTWEJs6jv/TDZI7n4BpvufqaQmm6Auu/3mNrotq1CnZC7H5Z+Lfh/GazpRRKw==','쿠어티',to_date('96/09/09','RR/MM/DD'),'01044444444','qwerty@naver.com',null,'S','2',to_date('22/06/15','RR/MM/DD'));
Insert into ADMIN.SU_MEMBER (MEMBER_NO,DEPARTMENT_NO,MEMBER_ID,MEMBER_PW,MEMBER_NAME,MEMBER_BIRTH,MEMBER_PHONE,MEMBER_EMAIL,MEMBER_IMG,MEMBER_ROLE,MEMBER_LEVEL,ENROLL_DATE) values (11111113,'D1','sinsa','VhX5yA0UMyKhIu26Iuc5Zs5ApAvXd4JPjcViP9b88YcS6ZFjokpnuTH61pxeHDiAGmQZBFDTiLRcBVQ1MTlvEg==','신사임당',to_date('98/04/24','RR/MM/DD'),'01033333333','sinsa@naver.com',null,'S','3',to_date('22/06/15','RR/MM/DD'));
Insert into ADMIN.SU_MEMBER (MEMBER_NO,DEPARTMENT_NO,MEMBER_ID,MEMBER_PW,MEMBER_NAME,MEMBER_BIRTH,MEMBER_PHONE,MEMBER_EMAIL,MEMBER_IMG,MEMBER_ROLE,MEMBER_LEVEL,ENROLL_DATE) values (22222221,'D4','hongk','sR8Uulu0ZBB5W3llzqzmoy487ajhBLKQI1AkAjbiOpDKsalL2We3oE9/CzCk4tSFHpqiEhRtlc0TNJA950FT3g==','홍경희',to_date('98/07/07','RR/MM/DD'),'01012347896','hongk@naver.com',null,'S','1',to_date('22/06/15','RR/MM/DD'));
Insert into ADMIN.SU_MEMBER (MEMBER_NO,DEPARTMENT_NO,MEMBER_ID,MEMBER_PW,MEMBER_NAME,MEMBER_BIRTH,MEMBER_PHONE,MEMBER_EMAIL,MEMBER_IMG,MEMBER_ROLE,MEMBER_LEVEL,ENROLL_DATE) values (22222222,'D2','choik','HCriFhGggjn4NGtHtXkP9/DyQo4yvSst7l6WOVSOQvgCDV4H6qfUGywymChYcC7pzunGi/GHn7AiGbhUsuDeLw==','최경희',to_date('95/05/05','RR/MM/DD'),'01011112222','choik@naver.com',null,'S','1',to_date('22/06/15','RR/MM/DD'));
Insert into ADMIN.SU_MEMBER (MEMBER_NO,DEPARTMENT_NO,MEMBER_ID,MEMBER_PW,MEMBER_NAME,MEMBER_BIRTH,MEMBER_PHONE,MEMBER_EMAIL,MEMBER_IMG,MEMBER_ROLE,MEMBER_LEVEL,ENROLL_DATE) values (22222223,'D2','jungk','IwSO2fb+En5Ps+SpdxOza4UETHVEle6mAVfAOLwSSevEuECwhDy/p4OfkKgFCrnpYeQO4lRhNaTmQDv/XAJ/Mw==','정경훈',to_date('99/08/07','RR/MM/DD'),'01022221111','jungk@naver.com',null,'S','2',to_date('22/06/15','RR/MM/DD'));
Insert into ADMIN.SU_MEMBER (MEMBER_NO,DEPARTMENT_NO,MEMBER_ID,MEMBER_PW,MEMBER_NAME,MEMBER_BIRTH,MEMBER_PHONE,MEMBER_EMAIL,MEMBER_IMG,MEMBER_ROLE,MEMBER_LEVEL,ENROLL_DATE) values (0,'D0','admin','kvOffyqGmDjNUIXm8X/IIQm8+YzWKkfLw3njjegLvAITojzubkoT3myq4K3Yo5AnLW8Ig8J0Mgsf9g28/G3XUA==','관리자',to_date('11/11/11','RR/MM/DD'),'01000000000','admin@naver.com',null,'A',null,to_date('22/06/15','RR/MM/DD'));
Insert into ADMIN.SU_MEMBER (MEMBER_NO,DEPARTMENT_NO,MEMBER_ID,MEMBER_PW,MEMBER_NAME,MEMBER_BIRTH,MEMBER_PHONE,MEMBER_EMAIL,MEMBER_IMG,MEMBER_ROLE,MEMBER_LEVEL,ENROLL_DATE) values (33333331,'D3','sundi','jZHnsRgFH/UJB9FvMbDczv9Bw0ZwmIv6YnRfICyX38zIXUThKSL9T1uHKbeykX0IJ5nbKAtoeThMJIXPkwRHbg==','선동일',to_date('90/02/06','RR/MM/DD'),'01099546325','sundi@naver.com',null,'S','3',to_date('22/06/15','RR/MM/DD'));
Insert into ADMIN.SU_MEMBER (MEMBER_NO,DEPARTMENT_NO,MEMBER_ID,MEMBER_PW,MEMBER_NAME,MEMBER_BIRTH,MEMBER_PHONE,MEMBER_EMAIL,MEMBER_IMG,MEMBER_ROLE,MEMBER_LEVEL,ENROLL_DATE) values (33333332,'D3','songjk','stuI7wemW2e20xYP2RDoTZHImNdOoy4O4URHLoOGMM5qQ8Qt8Fr4xOxj6MVjrzlce9zM23qfGTUOlZxWlXmrYQ==','송종기',to_date('01/12/01','RR/MM/DD'),'01055567778','songjk@naver.com',null,'S','4',to_date('22/06/15','RR/MM/DD'));
Insert into ADMIN.SU_MEMBER (MEMBER_NO,DEPARTMENT_NO,MEMBER_ID,MEMBER_PW,MEMBER_NAME,MEMBER_BIRTH,MEMBER_PHONE,MEMBER_EMAIL,MEMBER_IMG,MEMBER_ROLE,MEMBER_LEVEL,ENROLL_DATE) values (33333333,'D3','nohc','SmxBnYOweNQKXRw8vSu5J2bLNfeVEue9/auwa/4Kp8/R4WV8CfF6iplTZFQtifWgJ05RKkWjsyPkPGkHPJDmzA==','노옹철',to_date('00/12/06','RR/MM/DD'),'01012128989','nohc@naver.com',null,'S','1',to_date('22/06/15','RR/MM/DD'));
Insert into ADMIN.SU_MEMBER (MEMBER_NO,DEPARTMENT_NO,MEMBER_ID,MEMBER_PW,MEMBER_NAME,MEMBER_BIRTH,MEMBER_PHONE,MEMBER_EMAIL,MEMBER_IMG,MEMBER_ROLE,MEMBER_LEVEL,ENROLL_DATE) values (44444441,'D4','songeh','L0XgSDQJDE2cGDaL5dl5aH8KVC4C+dd4HIu7q3jJ9pUiUpU95SlLyk2tYQIGVP2o+O70cPAmTF+sYVd7rFTb9g==','송은희',to_date('02/01/12','RR/MM/DD'),'01098980432','songe@naver.com',null,'S','2',to_date('22/06/15','RR/MM/DD'));
Insert into ADMIN.SU_MEMBER (MEMBER_NO,DEPARTMENT_NO,MEMBER_ID,MEMBER_PW,MEMBER_NAME,MEMBER_BIRTH,MEMBER_PHONE,MEMBER_EMAIL,MEMBER_IMG,MEMBER_ROLE,MEMBER_LEVEL,ENROLL_DATE) values (44444442,'D4','yoogs','Ypf7Txr9Xm197mEzR3UVwuMHJsOu5Hzj/Use6ibEtNGSayd/ZVoeKPAbJOOd8vFntdyjDgkgwwiQOa3KCQiUCQ==','유관순',to_date('99/11/12','RR/MM/DD'),'01093421212','yoogs@naver.com',null,'S','3',to_date('22/06/15','RR/MM/DD'));
Insert into ADMIN.SU_MEMBER (MEMBER_NO,DEPARTMENT_NO,MEMBER_ID,MEMBER_PW,MEMBER_NAME,MEMBER_BIRTH,MEMBER_PHONE,MEMBER_EMAIL,MEMBER_IMG,MEMBER_ROLE,MEMBER_LEVEL,ENROLL_DATE) values (44444443,'D4','jungjh','dgk8sH+cEQ2zKC/jEOzykgbGq0IE0vXSsHyaQYVuA3tjgrNhwD0VhnJHkj16vfz9VqrutTGpNXULtcp6V91eUg==','정중하',to_date('98/12/30','RR/MM/DD'),'01087234343','jungjh@naver.com',null,'S','4',to_date('22/06/15','RR/MM/DD'));
Insert into ADMIN.SU_MEMBER (MEMBER_NO,DEPARTMENT_NO,MEMBER_ID,MEMBER_PW,MEMBER_NAME,MEMBER_BIRTH,MEMBER_PHONE,MEMBER_EMAIL,MEMBER_IMG,MEMBER_ROLE,MEMBER_LEVEL,ENROLL_DATE) values (55555551,'D5','packnr','tpmJNv4gI9SaC3SCKZjQa8W7eyvMEMR57jaEtXsEUYsHonaEsE5Y/rY4eSrjTny5viu3tPGjYPXwfQwlJdDIdg==','박나라',to_date('00/12/05','RR/MM/DD'),'01011112233','packnr@naver.com',null,'S','1',to_date('22/06/15','RR/MM/DD'));
Insert into ADMIN.SU_MEMBER (MEMBER_NO,DEPARTMENT_NO,MEMBER_ID,MEMBER_PW,MEMBER_NAME,MEMBER_BIRTH,MEMBER_PHONE,MEMBER_EMAIL,MEMBER_IMG,MEMBER_ROLE,MEMBER_LEVEL,ENROLL_DATE) values (55555552,'D5','haiy','xQzrGyxH9pLWppEurRkVPsjxDCGCLLwBwsNguU9GwoKOJ5QW+11HKegcxSOd1r72k+f/RUrIQJBPMO1Yu5uo/g==','하이유',to_date('94/03/31','RR/MM/DD'),'01099996666','haiy@naver.com',null,'S','2',to_date('22/06/15','RR/MM/DD'));
Insert into ADMIN.SU_MEMBER (MEMBER_NO,DEPARTMENT_NO,MEMBER_ID,MEMBER_PW,MEMBER_NAME,MEMBER_BIRTH,MEMBER_PHONE,MEMBER_EMAIL,MEMBER_IMG,MEMBER_ROLE,MEMBER_LEVEL,ENROLL_DATE) values (61,'D1','choiyj','GRG14pxnnH9v0qSQDucsockDtszK1mI+Y++H30H8u6TuN/cIu+mC2CXKSuAvVJz8JLhiAkqALKgNt2Z4d74AjQ==','최예진',to_date('96/06/23','RR/MM/DD'),'01012341234','choiyj@naver.com',null,'S','1',to_date('22/06/16','RR/MM/DD'));
Insert into ADMIN.SU_MEMBER (MEMBER_NO,DEPARTMENT_NO,MEMBER_ID,MEMBER_PW,MEMBER_NAME,MEMBER_BIRTH,MEMBER_PHONE,MEMBER_EMAIL,MEMBER_IMG,MEMBER_ROLE,MEMBER_LEVEL,ENROLL_DATE) values (203,'D1','test1234','GPvnm5AIJNTHvDIefgA8HcEHUx9Rgms5XqOduaQMPOd6NLCRFer/IatRz9Rp14hpCCUJV2AsJNiUvYXttpgvUQ==','김테스',to_date('94/07/07','RR/MM/DD'),'01012341234','test1234@naver.com',null,'S','1',to_date('22/06/23','RR/MM/DD'));
REM INSERTING into ADMIN.SU_NOTICE
SET DEFINE OFF;
Insert into ADMIN.SU_NOTICE (NOTICE_NO,MEMBER_ID,NOTICE_TITLE,NOTICE_CONTENT,NOTICE_READ_COUNT,NOTICE_DATE) values (59,'admin','임용고시 연구실에서 추가 실원 모집','임용고시 연구실에서 추가 실원 모집',1,to_date('22/06/18','RR/MM/DD'));
Insert into ADMIN.SU_NOTICE (NOTICE_NO,MEMBER_ID,NOTICE_TITLE,NOTICE_CONTENT,NOTICE_READ_COUNT,NOTICE_DATE) values (1,'admin','건물별 냉방가동 기준 안내','건물별 냉방가동 기준 안내',0,to_date('22/06/18','RR/MM/DD'));
Insert into ADMIN.SU_NOTICE (NOTICE_NO,MEMBER_ID,NOTICE_TITLE,NOTICE_CONTENT,NOTICE_READ_COUNT,NOTICE_DATE) values (2,'admin','공자아카데미 여름학기 중국어 강좌 개강','공자아카데미 여름학기 중국어 강좌 개강',0,to_date('22/06/18','RR/MM/DD'));
Insert into ADMIN.SU_NOTICE (NOTICE_NO,MEMBER_ID,NOTICE_TITLE,NOTICE_CONTENT,NOTICE_READ_COUNT,NOTICE_DATE) values (3,'admin','코딩테스트 스터디 모집합니다.','코딩테스트 스터디원 모집합니다. 일정은 추후에 정할 계획입니다. 관심 있으신 분은 채팅이나 01022223333으로 연락 부탁드립니다.',0,to_date('22/06/18','RR/MM/DD'));
Insert into ADMIN.SU_NOTICE (NOTICE_NO,MEMBER_ID,NOTICE_TITLE,NOTICE_CONTENT,NOTICE_READ_COUNT,NOTICE_DATE) values (4,'admin','여름방학 한국어문화교육원 봉사단 멘토 모집','여름방학 한국어문화교육원 봉사단 멘토 모집',0,to_date('22/06/18','RR/MM/DD'));
Insert into ADMIN.SU_NOTICE (NOTICE_NO,MEMBER_ID,NOTICE_TITLE,NOTICE_CONTENT,NOTICE_READ_COUNT,NOTICE_DATE) values (5,'admin','임용고시 연구실에서 추가 실원 모집','임용고시 연구실에서 추가 실원 모집',0,to_date('22/06/18','RR/MM/DD'));
Insert into ADMIN.SU_NOTICE (NOTICE_NO,MEMBER_ID,NOTICE_TITLE,NOTICE_CONTENT,NOTICE_READ_COUNT,NOTICE_DATE) values (6,'admin','경영대학원 2022년 후기 특별전형1 모집요강','경영대학원 2022년 후기 특별전형1 모집요강',0,to_date('22/06/18','RR/MM/DD'));
Insert into ADMIN.SU_NOTICE (NOTICE_NO,MEMBER_ID,NOTICE_TITLE,NOTICE_CONTENT,NOTICE_READ_COUNT,NOTICE_DATE) values (7,'admin','코로나19 발병현황 및 행동지침','코로나19 발병현황 및 행동지침',0,to_date('22/06/18','RR/MM/DD'));
Insert into ADMIN.SU_NOTICE (NOTICE_NO,MEMBER_ID,NOTICE_TITLE,NOTICE_CONTENT,NOTICE_READ_COUNT,NOTICE_DATE) values (8,'admin','서울런 멘토단 모집','2022년 서울런 멘토단 모집',0,to_date('22/06/18','RR/MM/DD'));
Insert into ADMIN.SU_NOTICE (NOTICE_NO,MEMBER_ID,NOTICE_TITLE,NOTICE_CONTENT,NOTICE_READ_COUNT,NOTICE_DATE) values (9,'admin','외국어인증 신청서 제출 안내','외국어인증 신청서 제출 안내',0,to_date('22/06/18','RR/MM/DD'));
Insert into ADMIN.SU_NOTICE (NOTICE_NO,MEMBER_ID,NOTICE_TITLE,NOTICE_CONTENT,NOTICE_READ_COUNT,NOTICE_DATE) values (10,'admin','교직 적성?인성검사 고사실 안내 및 유의사항','교직 적성?인성검사 고사실 안내 및 유의사항',0,to_date('22/06/18','RR/MM/DD'));
Insert into ADMIN.SU_NOTICE (NOTICE_NO,MEMBER_ID,NOTICE_TITLE,NOTICE_CONTENT,NOTICE_READ_COUNT,NOTICE_DATE) values (11,'admin','성희롱 등 폭력예방교육＇ 안내','성희롱 등 폭력예방교육＇ 안내',0,to_date('22/06/18','RR/MM/DD'));
Insert into ADMIN.SU_NOTICE (NOTICE_NO,MEMBER_ID,NOTICE_TITLE,NOTICE_CONTENT,NOTICE_READ_COUNT,NOTICE_DATE) values (12,'admin','전자출결시스템 전면 시행 안내','전자출결시스템 전면 시행 안내',0,to_date('22/06/18','RR/MM/DD'));
Insert into ADMIN.SU_NOTICE (NOTICE_NO,MEMBER_ID,NOTICE_TITLE,NOTICE_CONTENT,NOTICE_READ_COUNT,NOTICE_DATE) values (13,'admin','2022학년도 2학기 재입학 시행 공고','2022학년도 2학기 재입학 시행 공고',0,to_date('22/06/18','RR/MM/DD'));
Insert into ADMIN.SU_NOTICE (NOTICE_NO,MEMBER_ID,NOTICE_TITLE,NOTICE_CONTENT,NOTICE_READ_COUNT,NOTICE_DATE) values (14,'admin','군복무 중 원격수업 학점인정 안내','군복무 중 원격수업 학점인정 안내',0,to_date('22/06/18','RR/MM/DD'));
Insert into ADMIN.SU_NOTICE (NOTICE_NO,MEMBER_ID,NOTICE_TITLE,NOTICE_CONTENT,NOTICE_READ_COUNT,NOTICE_DATE) values (15,'admin','성적 백분율 표기 및 평가 방식 변경','성적 백분율 표기 및 평가 방식 변경',0,to_date('22/06/18','RR/MM/DD'));
Insert into ADMIN.SU_NOTICE (NOTICE_NO,MEMBER_ID,NOTICE_TITLE,NOTICE_CONTENT,NOTICE_READ_COUNT,NOTICE_DATE) values (16,'admin','조기졸업 신청 공고','조기졸업 신청 공고',0,to_date('22/06/18','RR/MM/DD'));
Insert into ADMIN.SU_NOTICE (NOTICE_NO,MEMBER_ID,NOTICE_TITLE,NOTICE_CONTENT,NOTICE_READ_COUNT,NOTICE_DATE) values (17,'admin','졸업논문 제출 일정 공고','졸업논문 제출 일정 공고',0,to_date('22/06/18','RR/MM/DD'));
Insert into ADMIN.SU_NOTICE (NOTICE_NO,MEMBER_ID,NOTICE_TITLE,NOTICE_CONTENT,NOTICE_READ_COUNT,NOTICE_DATE) values (18,'admin','학사종합지원센터 서식함 안내','학사종합지원센터 서식함 안내',0,to_date('22/06/18','RR/MM/DD'));
Insert into ADMIN.SU_NOTICE (NOTICE_NO,MEMBER_ID,NOTICE_TITLE,NOTICE_CONTENT,NOTICE_READ_COUNT,NOTICE_DATE) values (19,'admin','건물별 냉방가동 기준 안내','건물별 냉방가동 기준 안내',0,to_date('22/06/18','RR/MM/DD'));
Insert into ADMIN.SU_NOTICE (NOTICE_NO,MEMBER_ID,NOTICE_TITLE,NOTICE_CONTENT,NOTICE_READ_COUNT,NOTICE_DATE) values (20,'admin','공자아카데미 여름학기 중국어 강좌 개강','공자아카데미 여름학기 중국어 강좌 개강',1,to_date('22/06/18','RR/MM/DD'));
Insert into ADMIN.SU_NOTICE (NOTICE_NO,MEMBER_ID,NOTICE_TITLE,NOTICE_CONTENT,NOTICE_READ_COUNT,NOTICE_DATE) values (21,'admin','제25기 재능봉사 캠프 사업 대학생 멘토 모집','제25기 재능봉사 캠프 사업 대학생 멘토 모집',0,to_date('22/06/18','RR/MM/DD'));
Insert into ADMIN.SU_NOTICE (NOTICE_NO,MEMBER_ID,NOTICE_TITLE,NOTICE_CONTENT,NOTICE_READ_COUNT,NOTICE_DATE) values (22,'admin','여름방학 한국어문화교육원 봉사단 멘토 모집','여름방학 한국어문화교육원 봉사단 멘토 모집',0,to_date('22/06/18','RR/MM/DD'));
Insert into ADMIN.SU_NOTICE (NOTICE_NO,MEMBER_ID,NOTICE_TITLE,NOTICE_CONTENT,NOTICE_READ_COUNT,NOTICE_DATE) values (23,'admin','임용고시 연구실에서 추가 실원 모집','임용고시 연구실에서 추가 실원 모집',0,to_date('22/06/18','RR/MM/DD'));
Insert into ADMIN.SU_NOTICE (NOTICE_NO,MEMBER_ID,NOTICE_TITLE,NOTICE_CONTENT,NOTICE_READ_COUNT,NOTICE_DATE) values (24,'admin','경영대학원 2022년 후기 특별전형1 모집요강','경영대학원 2022년 후기 특별전형1 모집요강',0,to_date('22/06/18','RR/MM/DD'));
Insert into ADMIN.SU_NOTICE (NOTICE_NO,MEMBER_ID,NOTICE_TITLE,NOTICE_CONTENT,NOTICE_READ_COUNT,NOTICE_DATE) values (25,'admin','코로나19 발병현황 및 행동지침','코로나19 발병현황 및 행동지침',0,to_date('22/06/18','RR/MM/DD'));
Insert into ADMIN.SU_NOTICE (NOTICE_NO,MEMBER_ID,NOTICE_TITLE,NOTICE_CONTENT,NOTICE_READ_COUNT,NOTICE_DATE) values (26,'admin','서울런 멘토단 모집','2022년 서울런 멘토단 모집',0,to_date('22/06/18','RR/MM/DD'));
Insert into ADMIN.SU_NOTICE (NOTICE_NO,MEMBER_ID,NOTICE_TITLE,NOTICE_CONTENT,NOTICE_READ_COUNT,NOTICE_DATE) values (27,'admin','외국어인증 신청서 제출 안내','외국어인증 신청서 제출 안내',0,to_date('22/06/18','RR/MM/DD'));
Insert into ADMIN.SU_NOTICE (NOTICE_NO,MEMBER_ID,NOTICE_TITLE,NOTICE_CONTENT,NOTICE_READ_COUNT,NOTICE_DATE) values (28,'admin','교직 적성?인성검사 고사실 안내 및 유의사항','교직 적성?인성검사 고사실 안내 및 유의사항',0,to_date('22/06/18','RR/MM/DD'));
Insert into ADMIN.SU_NOTICE (NOTICE_NO,MEMBER_ID,NOTICE_TITLE,NOTICE_CONTENT,NOTICE_READ_COUNT,NOTICE_DATE) values (29,'admin','성희롱 등 폭력예방교육＇ 안내','성희롱 등 폭력예방교육＇ 안내',0,to_date('22/06/18','RR/MM/DD'));
Insert into ADMIN.SU_NOTICE (NOTICE_NO,MEMBER_ID,NOTICE_TITLE,NOTICE_CONTENT,NOTICE_READ_COUNT,NOTICE_DATE) values (30,'admin','전자출결시스템 전면 시행 안내','전자출결시스템 전면 시행 안내',0,to_date('22/06/18','RR/MM/DD'));
Insert into ADMIN.SU_NOTICE (NOTICE_NO,MEMBER_ID,NOTICE_TITLE,NOTICE_CONTENT,NOTICE_READ_COUNT,NOTICE_DATE) values (31,'admin','2022학년도 2학기 재입학 시행 공고','2022학년도 2학기 재입학 시행 공고',0,to_date('22/06/18','RR/MM/DD'));
Insert into ADMIN.SU_NOTICE (NOTICE_NO,MEMBER_ID,NOTICE_TITLE,NOTICE_CONTENT,NOTICE_READ_COUNT,NOTICE_DATE) values (32,'admin','군복무 중 원격수업 학점인정 안내','군복무 중 원격수업 학점인정 안내',0,to_date('22/06/18','RR/MM/DD'));
Insert into ADMIN.SU_NOTICE (NOTICE_NO,MEMBER_ID,NOTICE_TITLE,NOTICE_CONTENT,NOTICE_READ_COUNT,NOTICE_DATE) values (33,'admin','성적 백분율 표기 및 평가 방식 변경','성적 백분율 표기 및 평가 방식 변경',0,to_date('22/06/18','RR/MM/DD'));
Insert into ADMIN.SU_NOTICE (NOTICE_NO,MEMBER_ID,NOTICE_TITLE,NOTICE_CONTENT,NOTICE_READ_COUNT,NOTICE_DATE) values (34,'admin','조기졸업 신청 공고','조기졸업 신청 공고',0,to_date('22/06/18','RR/MM/DD'));
Insert into ADMIN.SU_NOTICE (NOTICE_NO,MEMBER_ID,NOTICE_TITLE,NOTICE_CONTENT,NOTICE_READ_COUNT,NOTICE_DATE) values (35,'admin','졸업논문 제출 일정 공고','졸업논문 제출 일정 공고',0,to_date('22/06/18','RR/MM/DD'));
Insert into ADMIN.SU_NOTICE (NOTICE_NO,MEMBER_ID,NOTICE_TITLE,NOTICE_CONTENT,NOTICE_READ_COUNT,NOTICE_DATE) values (36,'admin','학사종합지원센터 서식함 안내','학사종합지원센터 서식함 안내',0,to_date('22/06/18','RR/MM/DD'));
Insert into ADMIN.SU_NOTICE (NOTICE_NO,MEMBER_ID,NOTICE_TITLE,NOTICE_CONTENT,NOTICE_READ_COUNT,NOTICE_DATE) values (37,'admin','건물별 냉방가동 기준 안내','건물별 냉방가동 기준 안내',0,to_date('22/06/18','RR/MM/DD'));
Insert into ADMIN.SU_NOTICE (NOTICE_NO,MEMBER_ID,NOTICE_TITLE,NOTICE_CONTENT,NOTICE_READ_COUNT,NOTICE_DATE) values (38,'admin','공자아카데미 여름학기 중국어 강좌 개강','공자아카데미 여름학기 중국어 강좌 개강',0,to_date('22/06/18','RR/MM/DD'));
Insert into ADMIN.SU_NOTICE (NOTICE_NO,MEMBER_ID,NOTICE_TITLE,NOTICE_CONTENT,NOTICE_READ_COUNT,NOTICE_DATE) values (39,'admin','제25기 재능봉사 캠프 사업 대학생 멘토 모집','제25기 재능봉사 캠프 사업 대학생 멘토 모집',0,to_date('22/06/18','RR/MM/DD'));
Insert into ADMIN.SU_NOTICE (NOTICE_NO,MEMBER_ID,NOTICE_TITLE,NOTICE_CONTENT,NOTICE_READ_COUNT,NOTICE_DATE) values (40,'admin','여름방학 한국어문화교육원 봉사단 멘토 모집','여름방학 한국어문화교육원 봉사단 멘토 모집',0,to_date('22/06/18','RR/MM/DD'));
Insert into ADMIN.SU_NOTICE (NOTICE_NO,MEMBER_ID,NOTICE_TITLE,NOTICE_CONTENT,NOTICE_READ_COUNT,NOTICE_DATE) values (41,'admin','임용고시 연구실에서 추가 실원 모집','임용고시 연구실에서 추가 실원 모집',0,to_date('22/06/18','RR/MM/DD'));
Insert into ADMIN.SU_NOTICE (NOTICE_NO,MEMBER_ID,NOTICE_TITLE,NOTICE_CONTENT,NOTICE_READ_COUNT,NOTICE_DATE) values (42,'admin','경영대학원 2022년 후기 특별전형1 모집요강','경영대학원 2022년 후기 특별전형1 모집요강',0,to_date('22/06/18','RR/MM/DD'));
Insert into ADMIN.SU_NOTICE (NOTICE_NO,MEMBER_ID,NOTICE_TITLE,NOTICE_CONTENT,NOTICE_READ_COUNT,NOTICE_DATE) values (43,'admin','코로나19 발병현황 및 행동지침','코로나19 발병현황 및 행동지침',0,to_date('22/06/18','RR/MM/DD'));
Insert into ADMIN.SU_NOTICE (NOTICE_NO,MEMBER_ID,NOTICE_TITLE,NOTICE_CONTENT,NOTICE_READ_COUNT,NOTICE_DATE) values (44,'admin','서울런 멘토단 모집','2022년 서울런 멘토단 모집',0,to_date('22/06/18','RR/MM/DD'));
Insert into ADMIN.SU_NOTICE (NOTICE_NO,MEMBER_ID,NOTICE_TITLE,NOTICE_CONTENT,NOTICE_READ_COUNT,NOTICE_DATE) values (45,'admin','외국어인증 신청서 제출 안내','외국어인증 신청서 제출 안내',0,to_date('22/06/18','RR/MM/DD'));
Insert into ADMIN.SU_NOTICE (NOTICE_NO,MEMBER_ID,NOTICE_TITLE,NOTICE_CONTENT,NOTICE_READ_COUNT,NOTICE_DATE) values (46,'admin','교직 적성?인성검사 고사실 안내 및 유의사항','교직 적성?인성검사 고사실 안내 및 유의사항',0,to_date('22/06/18','RR/MM/DD'));
Insert into ADMIN.SU_NOTICE (NOTICE_NO,MEMBER_ID,NOTICE_TITLE,NOTICE_CONTENT,NOTICE_READ_COUNT,NOTICE_DATE) values (47,'admin','성희롱 등 폭력예방교육＇ 안내','성희롱 등 폭력예방교육＇ 안내',0,to_date('22/06/18','RR/MM/DD'));
Insert into ADMIN.SU_NOTICE (NOTICE_NO,MEMBER_ID,NOTICE_TITLE,NOTICE_CONTENT,NOTICE_READ_COUNT,NOTICE_DATE) values (48,'admin','전자출결시스템 전면 시행 안내','전자출결시스템 전면 시행 안내',0,to_date('22/06/18','RR/MM/DD'));
Insert into ADMIN.SU_NOTICE (NOTICE_NO,MEMBER_ID,NOTICE_TITLE,NOTICE_CONTENT,NOTICE_READ_COUNT,NOTICE_DATE) values (49,'admin','2022학년도 2학기 재입학 시행 공고','2022학년도 2학기 재입학 시행 공고',0,to_date('22/06/18','RR/MM/DD'));
Insert into ADMIN.SU_NOTICE (NOTICE_NO,MEMBER_ID,NOTICE_TITLE,NOTICE_CONTENT,NOTICE_READ_COUNT,NOTICE_DATE) values (50,'admin','군복무 중 원격수업 학점인정 안내','군복무 중 원격수업 학점인정 안내',0,to_date('22/06/18','RR/MM/DD'));
Insert into ADMIN.SU_NOTICE (NOTICE_NO,MEMBER_ID,NOTICE_TITLE,NOTICE_CONTENT,NOTICE_READ_COUNT,NOTICE_DATE) values (51,'admin','성적 백분율 표기 및 평가 방식 변경','성적 백분율 표기 및 평가 방식 변경',0,to_date('22/06/18','RR/MM/DD'));
Insert into ADMIN.SU_NOTICE (NOTICE_NO,MEMBER_ID,NOTICE_TITLE,NOTICE_CONTENT,NOTICE_READ_COUNT,NOTICE_DATE) values (52,'admin','조기졸업 신청 공고','조기졸업 신청 공고',0,to_date('22/06/18','RR/MM/DD'));
Insert into ADMIN.SU_NOTICE (NOTICE_NO,MEMBER_ID,NOTICE_TITLE,NOTICE_CONTENT,NOTICE_READ_COUNT,NOTICE_DATE) values (53,'admin','졸업논문 제출 일정 공고','졸업논문 제출 일정 공고',0,to_date('22/06/18','RR/MM/DD'));
Insert into ADMIN.SU_NOTICE (NOTICE_NO,MEMBER_ID,NOTICE_TITLE,NOTICE_CONTENT,NOTICE_READ_COUNT,NOTICE_DATE) values (54,'admin','학사종합지원센터 서식함 안내','학사종합지원센터 서식함 안내',0,to_date('22/06/18','RR/MM/DD'));
Insert into ADMIN.SU_NOTICE (NOTICE_NO,MEMBER_ID,NOTICE_TITLE,NOTICE_CONTENT,NOTICE_READ_COUNT,NOTICE_DATE) values (55,'admin','건물별 냉방가동 기준 안내','건물별 냉방가동 기준 안내',0,to_date('22/06/18','RR/MM/DD'));
Insert into ADMIN.SU_NOTICE (NOTICE_NO,MEMBER_ID,NOTICE_TITLE,NOTICE_CONTENT,NOTICE_READ_COUNT,NOTICE_DATE) values (56,'admin','공자아카데미 여름학기 중국어 강좌 개강','공자아카데미 여름학기 중국어 강좌 개강',0,to_date('22/06/18','RR/MM/DD'));
Insert into ADMIN.SU_NOTICE (NOTICE_NO,MEMBER_ID,NOTICE_TITLE,NOTICE_CONTENT,NOTICE_READ_COUNT,NOTICE_DATE) values (57,'admin','제25기 재능봉사 캠프 사업 대학생 멘토 모집','제25기 재능봉사 캠프 사업 대학생 멘토 모집',0,to_date('22/06/18','RR/MM/DD'));
Insert into ADMIN.SU_NOTICE (NOTICE_NO,MEMBER_ID,NOTICE_TITLE,NOTICE_CONTENT,NOTICE_READ_COUNT,NOTICE_DATE) values (58,'admin','여름방학 한국어문화교육원 봉사단 멘토 모집','여름방학 한국어문화교육원 봉사단 멘토 모집',0,to_date('22/06/18','RR/MM/DD'));
Insert into ADMIN.SU_NOTICE (NOTICE_NO,MEMBER_ID,NOTICE_TITLE,NOTICE_CONTENT,NOTICE_READ_COUNT,NOTICE_DATE) values (60,'admin','경영대학원 2022년 후기 특별전형1 모집요강','경영대학원 2022년 후기 특별전형1 모집요강',0,to_date('22/06/18','RR/MM/DD'));
Insert into ADMIN.SU_NOTICE (NOTICE_NO,MEMBER_ID,NOTICE_TITLE,NOTICE_CONTENT,NOTICE_READ_COUNT,NOTICE_DATE) values (86,'admin','군복무 중 원격수업 학점인정 안내','군복무 중 원격수업 학점인정 안내',5,to_date('22/06/18','RR/MM/DD'));
Insert into ADMIN.SU_NOTICE (NOTICE_NO,MEMBER_ID,NOTICE_TITLE,NOTICE_CONTENT,NOTICE_READ_COUNT,NOTICE_DATE) values (87,'admin','성적 백분율 표기 및 평가 방식 변경','성적 백분율 표기 및 평가 방식 변경',4,to_date('22/06/18','RR/MM/DD'));
Insert into ADMIN.SU_NOTICE (NOTICE_NO,MEMBER_ID,NOTICE_TITLE,NOTICE_CONTENT,NOTICE_READ_COUNT,NOTICE_DATE) values (61,'admin','코로나19 발병현황 및 행동지침','코로나19 발병현황 및 행동지침',0,to_date('22/06/18','RR/MM/DD'));
Insert into ADMIN.SU_NOTICE (NOTICE_NO,MEMBER_ID,NOTICE_TITLE,NOTICE_CONTENT,NOTICE_READ_COUNT,NOTICE_DATE) values (89,'admin','졸업논문 제출 일정 공고','졸업논문 제출 일정 공고',4,to_date('22/06/18','RR/MM/DD'));
Insert into ADMIN.SU_NOTICE (NOTICE_NO,MEMBER_ID,NOTICE_TITLE,NOTICE_CONTENT,NOTICE_READ_COUNT,NOTICE_DATE) values (90,'admin','학사종합지원센터 서식함 안내','학사종합지원센터 서식함 안내',3,to_date('22/06/18','RR/MM/DD'));
Insert into ADMIN.SU_NOTICE (NOTICE_NO,MEMBER_ID,NOTICE_TITLE,NOTICE_CONTENT,NOTICE_READ_COUNT,NOTICE_DATE) values (91,'admin','건물별 냉방가동 기준 안내','건물별 냉방가동 기준 안내',7,to_date('22/06/18','RR/MM/DD'));
Insert into ADMIN.SU_NOTICE (NOTICE_NO,MEMBER_ID,NOTICE_TITLE,NOTICE_CONTENT,NOTICE_READ_COUNT,NOTICE_DATE) values (92,'admin','공자아카데미 여름학기 중국어 강좌 개강','공자아카데미 여름학기 중국어 강좌 개강합니다.',9,to_date('22/06/18','RR/MM/DD'));
Insert into ADMIN.SU_NOTICE (NOTICE_NO,MEMBER_ID,NOTICE_TITLE,NOTICE_CONTENT,NOTICE_READ_COUNT,NOTICE_DATE) values (93,'admin','제25기 재능봉사 캠프 사업 대학생 멘토 모집','제25기 재능봉사 캠프 사업 대학생 멘토 모집',15,to_date('22/06/18','RR/MM/DD'));
Insert into ADMIN.SU_NOTICE (NOTICE_NO,MEMBER_ID,NOTICE_TITLE,NOTICE_CONTENT,NOTICE_READ_COUNT,NOTICE_DATE) values (94,'admin','여름방학 한국어문화교육원 봉사단 멘토 모집','여름방학 한국어문화교육원 봉사단 멘토 모집',13,to_date('22/06/18','RR/MM/DD'));
Insert into ADMIN.SU_NOTICE (NOTICE_NO,MEMBER_ID,NOTICE_TITLE,NOTICE_CONTENT,NOTICE_READ_COUNT,NOTICE_DATE) values (62,'admin','서울런 멘토단 모집','2022년 서울런 멘토단 모집',0,to_date('22/06/18','RR/MM/DD'));
Insert into ADMIN.SU_NOTICE (NOTICE_NO,MEMBER_ID,NOTICE_TITLE,NOTICE_CONTENT,NOTICE_READ_COUNT,NOTICE_DATE) values (63,'admin','외국어인증 신청서 제출 안내','외국어인증 신청서 제출 안내',0,to_date('22/06/18','RR/MM/DD'));
Insert into ADMIN.SU_NOTICE (NOTICE_NO,MEMBER_ID,NOTICE_TITLE,NOTICE_CONTENT,NOTICE_READ_COUNT,NOTICE_DATE) values (64,'admin','교직 적성?인성검사 고사실 안내 및 유의사항','교직 적성?인성검사 고사실 안내 및 유의사항',0,to_date('22/06/18','RR/MM/DD'));
Insert into ADMIN.SU_NOTICE (NOTICE_NO,MEMBER_ID,NOTICE_TITLE,NOTICE_CONTENT,NOTICE_READ_COUNT,NOTICE_DATE) values (65,'admin','성희롱 등 폭력예방교육＇ 안내','성희롱 등 폭력예방교육＇ 안내',0,to_date('22/06/18','RR/MM/DD'));
Insert into ADMIN.SU_NOTICE (NOTICE_NO,MEMBER_ID,NOTICE_TITLE,NOTICE_CONTENT,NOTICE_READ_COUNT,NOTICE_DATE) values (66,'admin','전자출결시스템 전면 시행 안내','전자출결시스템 전면 시행 안내',0,to_date('22/06/18','RR/MM/DD'));
Insert into ADMIN.SU_NOTICE (NOTICE_NO,MEMBER_ID,NOTICE_TITLE,NOTICE_CONTENT,NOTICE_READ_COUNT,NOTICE_DATE) values (67,'admin','2022학년도 2학기 재입학 시행 공고','2022학년도 2학기 재입학 시행 공고',0,to_date('22/06/18','RR/MM/DD'));
Insert into ADMIN.SU_NOTICE (NOTICE_NO,MEMBER_ID,NOTICE_TITLE,NOTICE_CONTENT,NOTICE_READ_COUNT,NOTICE_DATE) values (68,'admin','군복무 중 원격수업 학점인정 안내','군복무 중 원격수업 학점인정 안내',0,to_date('22/06/18','RR/MM/DD'));
Insert into ADMIN.SU_NOTICE (NOTICE_NO,MEMBER_ID,NOTICE_TITLE,NOTICE_CONTENT,NOTICE_READ_COUNT,NOTICE_DATE) values (69,'admin','성적 백분율 표기 및 평가 방식 변경','성적 백분율 표기 및 평가 방식 변경',0,to_date('22/06/18','RR/MM/DD'));
Insert into ADMIN.SU_NOTICE (NOTICE_NO,MEMBER_ID,NOTICE_TITLE,NOTICE_CONTENT,NOTICE_READ_COUNT,NOTICE_DATE) values (70,'admin','조기졸업 신청 공고','조기졸업 신청 공고',0,to_date('22/06/18','RR/MM/DD'));
Insert into ADMIN.SU_NOTICE (NOTICE_NO,MEMBER_ID,NOTICE_TITLE,NOTICE_CONTENT,NOTICE_READ_COUNT,NOTICE_DATE) values (71,'admin','졸업논문 제출 일정 공고','졸업논문 제출 일정 공고',0,to_date('22/06/18','RR/MM/DD'));
Insert into ADMIN.SU_NOTICE (NOTICE_NO,MEMBER_ID,NOTICE_TITLE,NOTICE_CONTENT,NOTICE_READ_COUNT,NOTICE_DATE) values (72,'admin','학사종합지원센터 서식함 안내','학사종합지원센터 서식함 안내',0,to_date('22/06/18','RR/MM/DD'));
Insert into ADMIN.SU_NOTICE (NOTICE_NO,MEMBER_ID,NOTICE_TITLE,NOTICE_CONTENT,NOTICE_READ_COUNT,NOTICE_DATE) values (73,'admin','건물별 냉방가동 기준 안내','건물별 냉방가동 기준 안내',0,to_date('22/06/18','RR/MM/DD'));
Insert into ADMIN.SU_NOTICE (NOTICE_NO,MEMBER_ID,NOTICE_TITLE,NOTICE_CONTENT,NOTICE_READ_COUNT,NOTICE_DATE) values (74,'admin','공자아카데미 여름학기 중국어 강좌 개강','공자아카데미 여름학기 중국어 강좌 개강',0,to_date('22/06/18','RR/MM/DD'));
Insert into ADMIN.SU_NOTICE (NOTICE_NO,MEMBER_ID,NOTICE_TITLE,NOTICE_CONTENT,NOTICE_READ_COUNT,NOTICE_DATE) values (75,'admin','제25기 재능봉사 캠프 사업 대학생 멘토 모집','제25기 재능봉사 캠프 사업 대학생 멘토 모집',0,to_date('22/06/18','RR/MM/DD'));
Insert into ADMIN.SU_NOTICE (NOTICE_NO,MEMBER_ID,NOTICE_TITLE,NOTICE_CONTENT,NOTICE_READ_COUNT,NOTICE_DATE) values (76,'admin','여름방학 한국어문화교육원 봉사단 멘토 모집','여름방학 한국어문화교육원 봉사단 멘토 모집',1,to_date('22/06/18','RR/MM/DD'));
Insert into ADMIN.SU_NOTICE (NOTICE_NO,MEMBER_ID,NOTICE_TITLE,NOTICE_CONTENT,NOTICE_READ_COUNT,NOTICE_DATE) values (77,'admin','임용고시 연구실에서 추가 실원 모집','임용고시 연구실에서 추가 실원 모집',0,to_date('22/06/18','RR/MM/DD'));
Insert into ADMIN.SU_NOTICE (NOTICE_NO,MEMBER_ID,NOTICE_TITLE,NOTICE_CONTENT,NOTICE_READ_COUNT,NOTICE_DATE) values (78,'admin','경영대학원 2022년 후기 특별전형1 모집요강','경영대학원 2022년 후기 특별전형1 모집요강',1,to_date('22/06/18','RR/MM/DD'));
Insert into ADMIN.SU_NOTICE (NOTICE_NO,MEMBER_ID,NOTICE_TITLE,NOTICE_CONTENT,NOTICE_READ_COUNT,NOTICE_DATE) values (79,'admin','코로나19 발병현황 및 행동지침','코로나19 발병현황 및 행동지침',0,to_date('22/06/18','RR/MM/DD'));
Insert into ADMIN.SU_NOTICE (NOTICE_NO,MEMBER_ID,NOTICE_TITLE,NOTICE_CONTENT,NOTICE_READ_COUNT,NOTICE_DATE) values (80,'admin','서울런 멘토단 모집','2022년 서울런 멘토단 모집',0,to_date('22/06/18','RR/MM/DD'));
Insert into ADMIN.SU_NOTICE (NOTICE_NO,MEMBER_ID,NOTICE_TITLE,NOTICE_CONTENT,NOTICE_READ_COUNT,NOTICE_DATE) values (81,'admin','외국어인증 신청서 제출 안내','외국어인증 신청서 제출 안내',0,to_date('22/06/18','RR/MM/DD'));
Insert into ADMIN.SU_NOTICE (NOTICE_NO,MEMBER_ID,NOTICE_TITLE,NOTICE_CONTENT,NOTICE_READ_COUNT,NOTICE_DATE) values (82,'admin','교직 적성?인성검사 고사실 안내 및 유의사항','교직 적성?인성검사 고사실 안내 및 유의사항',0,to_date('22/06/18','RR/MM/DD'));
Insert into ADMIN.SU_NOTICE (NOTICE_NO,MEMBER_ID,NOTICE_TITLE,NOTICE_CONTENT,NOTICE_READ_COUNT,NOTICE_DATE) values (83,'admin','성희롱 등 폭력예방교육＇ 안내','성희롱 등 폭력예방교육＇ 안내',1,to_date('22/06/18','RR/MM/DD'));
Insert into ADMIN.SU_NOTICE (NOTICE_NO,MEMBER_ID,NOTICE_TITLE,NOTICE_CONTENT,NOTICE_READ_COUNT,NOTICE_DATE) values (84,'admin','전자출결시스템 전면 시행 안내','전자출결시스템 전면 시행 안내',1,to_date('22/06/18','RR/MM/DD'));
Insert into ADMIN.SU_NOTICE (NOTICE_NO,MEMBER_ID,NOTICE_TITLE,NOTICE_CONTENT,NOTICE_READ_COUNT,NOTICE_DATE) values (85,'admin','2022학년도 2학기 재입학 시행 공고','2022학년도 2학기 재입학 시행 공고',5,to_date('22/06/18','RR/MM/DD'));
REM INSERTING into ADMIN.SU_NOTICE_ATTACHMENT
SET DEFINE OFF;
Insert into ADMIN.SU_NOTICE_ATTACHMENT (NOTICE_ATTACHMENT_NO,NOTICE_NO,NOTICE_ATTACHMENT_ORIGINAL_FILENAME,NOTICE_ATTACHMENT_RENAME_FILENAME) values (81,92,'—Pngtree—male student icon_3728055.png','20220620_093103503_128.png');
REM INSERTING into ADMIN.SU_REGISTER
SET DEFINE OFF;
Insert into ADMIN.SU_REGISTER (REGISTER_NO,SUBJECT_NO,MEMBER_NO) values (111,'D1-2202S4',11111111);
Insert into ADMIN.SU_REGISTER (REGISTER_NO,SUBJECT_NO,MEMBER_NO) values (112,'D1-2202S2',11111111);
Insert into ADMIN.SU_REGISTER (REGISTER_NO,SUBJECT_NO,MEMBER_NO) values (118,'D2-2202S8',11111111);
Insert into ADMIN.SU_REGISTER (REGISTER_NO,SUBJECT_NO,MEMBER_NO) values (7,'D1-2201S7',11111113);
Insert into ADMIN.SU_REGISTER (REGISTER_NO,SUBJECT_NO,MEMBER_NO) values (8,'D1-2201S7',11111111);
Insert into ADMIN.SU_REGISTER (REGISTER_NO,SUBJECT_NO,MEMBER_NO) values (65,'D5-2202S4',11111112);
Insert into ADMIN.SU_REGISTER (REGISTER_NO,SUBJECT_NO,MEMBER_NO) values (117,'D5-2202S4',11111111);
Insert into ADMIN.SU_REGISTER (REGISTER_NO,SUBJECT_NO,MEMBER_NO) values (1,'D1-2201S1',11111111);
Insert into ADMIN.SU_REGISTER (REGISTER_NO,SUBJECT_NO,MEMBER_NO) values (2,'D1-2201S2',11111111);
Insert into ADMIN.SU_REGISTER (REGISTER_NO,SUBJECT_NO,MEMBER_NO) values (3,'D1-2201S3',11111111);
Insert into ADMIN.SU_REGISTER (REGISTER_NO,SUBJECT_NO,MEMBER_NO) values (4,'D1-2201S5',11111112);
Insert into ADMIN.SU_REGISTER (REGISTER_NO,SUBJECT_NO,MEMBER_NO) values (5,'D1-2201S6',11111112);
Insert into ADMIN.SU_REGISTER (REGISTER_NO,SUBJECT_NO,MEMBER_NO) values (6,'D1-2201S7',11111112);
Insert into ADMIN.SU_REGISTER (REGISTER_NO,SUBJECT_NO,MEMBER_NO) values (9,'D1-2201S7',11111112);
REM INSERTING into ADMIN.SU_SUBJECT
SET DEFINE OFF;
Insert into ADMIN.SU_SUBJECT (SUBJECT_NO,MEMBER_NO,DEPARTMENT_NO,SUBJECT_NAME,SUBJECT_TIME,SUBJECT_CLASSROOM,SUBJECT_CREDIT,SUBJECT_LEBEL,SUBJECT_TERM) values ('D3-2202S1',7,'D3','전자기학','1교시~3교시','201호','3','3','2022년도 2학기');
Insert into ADMIN.SU_SUBJECT (SUBJECT_NO,MEMBER_NO,DEPARTMENT_NO,SUBJECT_NAME,SUBJECT_TIME,SUBJECT_CLASSROOM,SUBJECT_CREDIT,SUBJECT_LEBEL,SUBJECT_TERM) values ('D3-2202S2',7,'D3','에너지시스템설계','1교시~3교시','202호','3','3','2022년도 2학기');
Insert into ADMIN.SU_SUBJECT (SUBJECT_NO,MEMBER_NO,DEPARTMENT_NO,SUBJECT_NAME,SUBJECT_TIME,SUBJECT_CLASSROOM,SUBJECT_CREDIT,SUBJECT_LEBEL,SUBJECT_TERM) values ('D3-2202S3',7,'D3','제어시스템설계','1교시~3교시','203호','3','2','2022년도 2학기');
Insert into ADMIN.SU_SUBJECT (SUBJECT_NO,MEMBER_NO,DEPARTMENT_NO,SUBJECT_NAME,SUBJECT_TIME,SUBJECT_CLASSROOM,SUBJECT_CREDIT,SUBJECT_LEBEL,SUBJECT_TERM) values ('D3-2202S4',8,'D3','로봇응용설계','1교시~3교시','204호','3','3','2022년도 2학기');
Insert into ADMIN.SU_SUBJECT (SUBJECT_NO,MEMBER_NO,DEPARTMENT_NO,SUBJECT_NAME,SUBJECT_TIME,SUBJECT_CLASSROOM,SUBJECT_CREDIT,SUBJECT_LEBEL,SUBJECT_TERM) values ('D3-2202S5',8,'D3','신호및시스템','1교시~4교시','205호','3','3','2022년도 2학기');
Insert into ADMIN.SU_SUBJECT (SUBJECT_NO,MEMBER_NO,DEPARTMENT_NO,SUBJECT_NAME,SUBJECT_TIME,SUBJECT_CLASSROOM,SUBJECT_CREDIT,SUBJECT_LEBEL,SUBJECT_TERM) values ('D3-2202S6',8,'D3','멀티미디어학개론','1교시~4교시','206호','3','2','2022년도 2학기');
Insert into ADMIN.SU_SUBJECT (SUBJECT_NO,MEMBER_NO,DEPARTMENT_NO,SUBJECT_NAME,SUBJECT_TIME,SUBJECT_CLASSROOM,SUBJECT_CREDIT,SUBJECT_LEBEL,SUBJECT_TERM) values ('D3-2202S7',9,'D3','인공지능심화학','1교시~5교시','207호','3','3','2022년도 2학기');
Insert into ADMIN.SU_SUBJECT (SUBJECT_NO,MEMBER_NO,DEPARTMENT_NO,SUBJECT_NAME,SUBJECT_TIME,SUBJECT_CLASSROOM,SUBJECT_CREDIT,SUBJECT_LEBEL,SUBJECT_TERM) values ('D3-2202S8',9,'D3','무인기시험평가이론과실제','1교시~4교시','208호','3','3','2022년도 2학기');
Insert into ADMIN.SU_SUBJECT (SUBJECT_NO,MEMBER_NO,DEPARTMENT_NO,SUBJECT_NAME,SUBJECT_TIME,SUBJECT_CLASSROOM,SUBJECT_CREDIT,SUBJECT_LEBEL,SUBJECT_TERM) values ('D3-2202S9',9,'D3','드론3D매핑','1교시~5교시','209호','3','3','2022년도 2학기');
Insert into ADMIN.SU_SUBJECT (SUBJECT_NO,MEMBER_NO,DEPARTMENT_NO,SUBJECT_NAME,SUBJECT_TIME,SUBJECT_CLASSROOM,SUBJECT_CREDIT,SUBJECT_LEBEL,SUBJECT_TERM) values ('D5-2202S1',10,'D5','경영학개론','1교시~3교시','302호','3','1','2022년도 2학기');
Insert into ADMIN.SU_SUBJECT (SUBJECT_NO,MEMBER_NO,DEPARTMENT_NO,SUBJECT_NAME,SUBJECT_TIME,SUBJECT_CLASSROOM,SUBJECT_CREDIT,SUBJECT_LEBEL,SUBJECT_TERM) values ('D5-2202S2',10,'D5','경영정보시스템','4교시~6교시','305호','2','3','2022년도 2학기');
Insert into ADMIN.SU_SUBJECT (SUBJECT_NO,MEMBER_NO,DEPARTMENT_NO,SUBJECT_NAME,SUBJECT_TIME,SUBJECT_CLASSROOM,SUBJECT_CREDIT,SUBJECT_LEBEL,SUBJECT_TERM) values ('D5-2202S3',10,'D5','생산관리','4교시~6교시','301호','3','2','2022년도 2학기');
Insert into ADMIN.SU_SUBJECT (SUBJECT_NO,MEMBER_NO,DEPARTMENT_NO,SUBJECT_NAME,SUBJECT_TIME,SUBJECT_CLASSROOM,SUBJECT_CREDIT,SUBJECT_LEBEL,SUBJECT_TERM) values ('D5-2202S4',11,'D5','재무관리','1교시~3교시','302호','3','3','2022년도 2학기');
Insert into ADMIN.SU_SUBJECT (SUBJECT_NO,MEMBER_NO,DEPARTMENT_NO,SUBJECT_NAME,SUBJECT_TIME,SUBJECT_CLASSROOM,SUBJECT_CREDIT,SUBJECT_LEBEL,SUBJECT_TERM) values ('D5-2202S5',11,'D5','인적자원관리','1교시~3교시','304호','3','2','2022년도 2학기');
Insert into ADMIN.SU_SUBJECT (SUBJECT_NO,MEMBER_NO,DEPARTMENT_NO,SUBJECT_NAME,SUBJECT_TIME,SUBJECT_CLASSROOM,SUBJECT_CREDIT,SUBJECT_LEBEL,SUBJECT_TERM) values ('D5-2202S6',11,'D5','회계원리','4교시~6교시','302호','3','2','2022년도 2학기');
Insert into ADMIN.SU_SUBJECT (SUBJECT_NO,MEMBER_NO,DEPARTMENT_NO,SUBJECT_NAME,SUBJECT_TIME,SUBJECT_CLASSROOM,SUBJECT_CREDIT,SUBJECT_LEBEL,SUBJECT_TERM) values ('D5-2202S7',12,'D5','마케팅개론','1교시~3교시','307호','2','1','2022년도 2학기');
Insert into ADMIN.SU_SUBJECT (SUBJECT_NO,MEMBER_NO,DEPARTMENT_NO,SUBJECT_NAME,SUBJECT_TIME,SUBJECT_CLASSROOM,SUBJECT_CREDIT,SUBJECT_LEBEL,SUBJECT_TERM) values ('D5-2202S8',12,'D5','국제경영','4교시~6교시','309호','2','1','2022년도 2학기');
Insert into ADMIN.SU_SUBJECT (SUBJECT_NO,MEMBER_NO,DEPARTMENT_NO,SUBJECT_NAME,SUBJECT_TIME,SUBJECT_CLASSROOM,SUBJECT_CREDIT,SUBJECT_LEBEL,SUBJECT_TERM) values ('D5-2202S9',12,'D5','원가관리회계','4교시~6교시','302호','3','2','2022년도 2학기');
Insert into ADMIN.SU_SUBJECT (SUBJECT_NO,MEMBER_NO,DEPARTMENT_NO,SUBJECT_NAME,SUBJECT_TIME,SUBJECT_CLASSROOM,SUBJECT_CREDIT,SUBJECT_LEBEL,SUBJECT_TERM) values ('D5-2201S1',10,'D5','경영학개론','1교시~3교시','302호','3','1','2022년도 1학기');
Insert into ADMIN.SU_SUBJECT (SUBJECT_NO,MEMBER_NO,DEPARTMENT_NO,SUBJECT_NAME,SUBJECT_TIME,SUBJECT_CLASSROOM,SUBJECT_CREDIT,SUBJECT_LEBEL,SUBJECT_TERM) values ('D5-2201S2',10,'D5','경영정보시스템','4교시~6교시','305호','2','3','2022년도 1학기');
Insert into ADMIN.SU_SUBJECT (SUBJECT_NO,MEMBER_NO,DEPARTMENT_NO,SUBJECT_NAME,SUBJECT_TIME,SUBJECT_CLASSROOM,SUBJECT_CREDIT,SUBJECT_LEBEL,SUBJECT_TERM) values ('D5-2201S3',10,'D5','생산관리','4교시~6교시','301호','3','2','2022년도 1학기');
Insert into ADMIN.SU_SUBJECT (SUBJECT_NO,MEMBER_NO,DEPARTMENT_NO,SUBJECT_NAME,SUBJECT_TIME,SUBJECT_CLASSROOM,SUBJECT_CREDIT,SUBJECT_LEBEL,SUBJECT_TERM) values ('D5-2201S4',11,'D5','재무관리','1교시~3교시','302호','3','3','2022년도 1학기');
Insert into ADMIN.SU_SUBJECT (SUBJECT_NO,MEMBER_NO,DEPARTMENT_NO,SUBJECT_NAME,SUBJECT_TIME,SUBJECT_CLASSROOM,SUBJECT_CREDIT,SUBJECT_LEBEL,SUBJECT_TERM) values ('D5-2201S5',11,'D5','인적자원관리','1교시~3교시','304호','3','2','2022년도 1학기');
Insert into ADMIN.SU_SUBJECT (SUBJECT_NO,MEMBER_NO,DEPARTMENT_NO,SUBJECT_NAME,SUBJECT_TIME,SUBJECT_CLASSROOM,SUBJECT_CREDIT,SUBJECT_LEBEL,SUBJECT_TERM) values ('D5-2201S6',11,'D5','회계원리','4교시~6교시','302호','3','2','2022년도 1학기');
Insert into ADMIN.SU_SUBJECT (SUBJECT_NO,MEMBER_NO,DEPARTMENT_NO,SUBJECT_NAME,SUBJECT_TIME,SUBJECT_CLASSROOM,SUBJECT_CREDIT,SUBJECT_LEBEL,SUBJECT_TERM) values ('D5-2201S7',12,'D5','마케팅개론','1교시~3교시','307호','2','1','2022년도 1학기');
Insert into ADMIN.SU_SUBJECT (SUBJECT_NO,MEMBER_NO,DEPARTMENT_NO,SUBJECT_NAME,SUBJECT_TIME,SUBJECT_CLASSROOM,SUBJECT_CREDIT,SUBJECT_LEBEL,SUBJECT_TERM) values ('D5-2201S8',12,'D5','국제경영','4교시~6교시','309호','2','1','2022년도 1학기');
Insert into ADMIN.SU_SUBJECT (SUBJECT_NO,MEMBER_NO,DEPARTMENT_NO,SUBJECT_NAME,SUBJECT_TIME,SUBJECT_CLASSROOM,SUBJECT_CREDIT,SUBJECT_LEBEL,SUBJECT_TERM) values ('D5-2201S9',12,'D5','원가관리회계','4교시~6교시','302호','3','2','2022년도 1학기');
Insert into ADMIN.SU_SUBJECT (SUBJECT_NO,MEMBER_NO,DEPARTMENT_NO,SUBJECT_NAME,SUBJECT_TIME,SUBJECT_CLASSROOM,SUBJECT_CREDIT,SUBJECT_LEBEL,SUBJECT_TERM) values ('D3-2201S1',7,'D3','미적분학','3교시~6교시','209호','3','3','2022년도 1학기');
Insert into ADMIN.SU_SUBJECT (SUBJECT_NO,MEMBER_NO,DEPARTMENT_NO,SUBJECT_NAME,SUBJECT_TIME,SUBJECT_CLASSROOM,SUBJECT_CREDIT,SUBJECT_LEBEL,SUBJECT_TERM) values ('D3-2201S2',7,'D3','일반물리','3교시~6교시','208호','3','2','2022년도 1학기');
Insert into ADMIN.SU_SUBJECT (SUBJECT_NO,MEMBER_NO,DEPARTMENT_NO,SUBJECT_NAME,SUBJECT_TIME,SUBJECT_CLASSROOM,SUBJECT_CREDIT,SUBJECT_LEBEL,SUBJECT_TERM) values ('D3-2201S3',7,'D3','전자회로','3교시~6교시','207호','3','3','2022년도 1학기');
Insert into ADMIN.SU_SUBJECT (SUBJECT_NO,MEMBER_NO,DEPARTMENT_NO,SUBJECT_NAME,SUBJECT_TIME,SUBJECT_CLASSROOM,SUBJECT_CREDIT,SUBJECT_LEBEL,SUBJECT_TERM) values ('D3-2201S4',8,'D3','회로이론','3교시~6교시','206호','3','2','2022년도 1학기');
Insert into ADMIN.SU_SUBJECT (SUBJECT_NO,MEMBER_NO,DEPARTMENT_NO,SUBJECT_NAME,SUBJECT_TIME,SUBJECT_CLASSROOM,SUBJECT_CREDIT,SUBJECT_LEBEL,SUBJECT_TERM) values ('D3-2201S5',8,'D3','마이크로프로세서','3교시~6교시','205호','3','3','2022년도 1학기');
Insert into ADMIN.SU_SUBJECT (SUBJECT_NO,MEMBER_NO,DEPARTMENT_NO,SUBJECT_NAME,SUBJECT_TIME,SUBJECT_CLASSROOM,SUBJECT_CREDIT,SUBJECT_LEBEL,SUBJECT_TERM) values ('D3-2201S6',8,'D3','디지털공학실험','3교시~6교시','204호','3','2','2022년도 1학기');
Insert into ADMIN.SU_SUBJECT (SUBJECT_NO,MEMBER_NO,DEPARTMENT_NO,SUBJECT_NAME,SUBJECT_TIME,SUBJECT_CLASSROOM,SUBJECT_CREDIT,SUBJECT_LEBEL,SUBJECT_TERM) values ('D3-2201S7',9,'D3','교류회로이론','3교시~6교시','203호','3','3','2022년도 1학기');
Insert into ADMIN.SU_SUBJECT (SUBJECT_NO,MEMBER_NO,DEPARTMENT_NO,SUBJECT_NAME,SUBJECT_TIME,SUBJECT_CLASSROOM,SUBJECT_CREDIT,SUBJECT_LEBEL,SUBJECT_TERM) values ('D3-2201S8',9,'D3','확률과통계','3교시~6교시','202호','3','2','2022년도 1학기');
Insert into ADMIN.SU_SUBJECT (SUBJECT_NO,MEMBER_NO,DEPARTMENT_NO,SUBJECT_NAME,SUBJECT_TIME,SUBJECT_CLASSROOM,SUBJECT_CREDIT,SUBJECT_LEBEL,SUBJECT_TERM) values ('D3-2201S9',9,'D3','네트워크보안','3교시~6교시','201호','3','3','2022년도 1학기');
Insert into ADMIN.SU_SUBJECT (SUBJECT_NO,MEMBER_NO,DEPARTMENT_NO,SUBJECT_NAME,SUBJECT_TIME,SUBJECT_CLASSROOM,SUBJECT_CREDIT,SUBJECT_LEBEL,SUBJECT_TERM) values ('D1-2202S1',4,'D1','자바프로그래밍','4교시~6교시','601호','3','2','2022년도 2학기');
Insert into ADMIN.SU_SUBJECT (SUBJECT_NO,MEMBER_NO,DEPARTMENT_NO,SUBJECT_NAME,SUBJECT_TIME,SUBJECT_CLASSROOM,SUBJECT_CREDIT,SUBJECT_LEBEL,SUBJECT_TERM) values ('D1-2202S2',4,'D1','C언어','1교시~3교시','602호','3','1','2022년도 2학기');
Insert into ADMIN.SU_SUBJECT (SUBJECT_NO,MEMBER_NO,DEPARTMENT_NO,SUBJECT_NAME,SUBJECT_TIME,SUBJECT_CLASSROOM,SUBJECT_CREDIT,SUBJECT_LEBEL,SUBJECT_TERM) values ('D1-2202S3',4,'D1','C++','4교시~6교시','602호','3','2','2022년도 2학기');
Insert into ADMIN.SU_SUBJECT (SUBJECT_NO,MEMBER_NO,DEPARTMENT_NO,SUBJECT_NAME,SUBJECT_TIME,SUBJECT_CLASSROOM,SUBJECT_CREDIT,SUBJECT_LEBEL,SUBJECT_TERM) values ('D1-2202S4',5,'D1','파이썬','1교시~3교시','601호','3','3','2022년도 2학기');
Insert into ADMIN.SU_SUBJECT (SUBJECT_NO,MEMBER_NO,DEPARTMENT_NO,SUBJECT_NAME,SUBJECT_TIME,SUBJECT_CLASSROOM,SUBJECT_CREDIT,SUBJECT_LEBEL,SUBJECT_TERM) values ('D1-2202S5',5,'D1','C#','4교시~6교시','601호','3','2','2022년도 2학기');
Insert into ADMIN.SU_SUBJECT (SUBJECT_NO,MEMBER_NO,DEPARTMENT_NO,SUBJECT_NAME,SUBJECT_TIME,SUBJECT_CLASSROOM,SUBJECT_CREDIT,SUBJECT_LEBEL,SUBJECT_TERM) values ('D1-2202S6',5,'D1','컴퓨터정보보안','4교시~6교시','601호','2','3','2022년도 2학기');
Insert into ADMIN.SU_SUBJECT (SUBJECT_NO,MEMBER_NO,DEPARTMENT_NO,SUBJECT_NAME,SUBJECT_TIME,SUBJECT_CLASSROOM,SUBJECT_CREDIT,SUBJECT_LEBEL,SUBJECT_TERM) values ('D1-2202S7',6,'D1','웹개발기술','1교시~3교시','605호','3','4','2022년도 2학기');
Insert into ADMIN.SU_SUBJECT (SUBJECT_NO,MEMBER_NO,DEPARTMENT_NO,SUBJECT_NAME,SUBJECT_TIME,SUBJECT_CLASSROOM,SUBJECT_CREDIT,SUBJECT_LEBEL,SUBJECT_TERM) values ('D1-2202S8',6,'D1','IOS','4교시~6교시','604호','3','4','2022년도 2학기');
Insert into ADMIN.SU_SUBJECT (SUBJECT_NO,MEMBER_NO,DEPARTMENT_NO,SUBJECT_NAME,SUBJECT_TIME,SUBJECT_CLASSROOM,SUBJECT_CREDIT,SUBJECT_LEBEL,SUBJECT_TERM) values ('D1-2202S9',6,'D1','캡스톤디자인','1교시~4교시','603호','4','4','2022년도 2학기');
Insert into ADMIN.SU_SUBJECT (SUBJECT_NO,MEMBER_NO,DEPARTMENT_NO,SUBJECT_NAME,SUBJECT_TIME,SUBJECT_CLASSROOM,SUBJECT_CREDIT,SUBJECT_LEBEL,SUBJECT_TERM) values ('D1-2201S1',4,'D1','컴퓨터공학기초','4교시~6교시','601호','3','2','2022년도 1학기');
Insert into ADMIN.SU_SUBJECT (SUBJECT_NO,MEMBER_NO,DEPARTMENT_NO,SUBJECT_NAME,SUBJECT_TIME,SUBJECT_CLASSROOM,SUBJECT_CREDIT,SUBJECT_LEBEL,SUBJECT_TERM) values ('D1-2201S2',4,'D1','데이터베이스관리','1교시~3교시','602호','3','1','2022년도 1학기');
Insert into ADMIN.SU_SUBJECT (SUBJECT_NO,MEMBER_NO,DEPARTMENT_NO,SUBJECT_NAME,SUBJECT_TIME,SUBJECT_CLASSROOM,SUBJECT_CREDIT,SUBJECT_LEBEL,SUBJECT_TERM) values ('D1-2201S3',4,'D1','운영체제실습','4교시~6교시','602호','3','2','2022년도 1학기');
Insert into ADMIN.SU_SUBJECT (SUBJECT_NO,MEMBER_NO,DEPARTMENT_NO,SUBJECT_NAME,SUBJECT_TIME,SUBJECT_CLASSROOM,SUBJECT_CREDIT,SUBJECT_LEBEL,SUBJECT_TERM) values ('D1-2201S4',5,'D1','자료구조','1교시~3교시','601호','3','3','2022년도 1학기');
Insert into ADMIN.SU_SUBJECT (SUBJECT_NO,MEMBER_NO,DEPARTMENT_NO,SUBJECT_NAME,SUBJECT_TIME,SUBJECT_CLASSROOM,SUBJECT_CREDIT,SUBJECT_LEBEL,SUBJECT_TERM) values ('D1-2201S5',5,'D1','DB프로그래밍','4교시~6교시','601호','3','2','2022년도 1학기');
Insert into ADMIN.SU_SUBJECT (SUBJECT_NO,MEMBER_NO,DEPARTMENT_NO,SUBJECT_NAME,SUBJECT_TIME,SUBJECT_CLASSROOM,SUBJECT_CREDIT,SUBJECT_LEBEL,SUBJECT_TERM) values ('D1-2201S6',5,'D1','IoT시스템','4교시~6교시','601호','2','3','2022년도 1학기');
Insert into ADMIN.SU_SUBJECT (SUBJECT_NO,MEMBER_NO,DEPARTMENT_NO,SUBJECT_NAME,SUBJECT_TIME,SUBJECT_CLASSROOM,SUBJECT_CREDIT,SUBJECT_LEBEL,SUBJECT_TERM) values ('D1-2201S7',6,'D1','알고리즘','1교시~3교시','605호','3','4','2022년도 1학기');
Insert into ADMIN.SU_SUBJECT (SUBJECT_NO,MEMBER_NO,DEPARTMENT_NO,SUBJECT_NAME,SUBJECT_TIME,SUBJECT_CLASSROOM,SUBJECT_CREDIT,SUBJECT_LEBEL,SUBJECT_TERM) values ('D1-2201S8',6,'D1','웹프런트엔드실습','4교시~6교시','604호','3','4','2022년도 1학기');
Insert into ADMIN.SU_SUBJECT (SUBJECT_NO,MEMBER_NO,DEPARTMENT_NO,SUBJECT_NAME,SUBJECT_TIME,SUBJECT_CLASSROOM,SUBJECT_CREDIT,SUBJECT_LEBEL,SUBJECT_TERM) values ('D1-2201S9',6,'D1','모바일프로그래밍','1교시~3교시','603호','3','4','2022년도 1학기');
Insert into ADMIN.SU_SUBJECT (SUBJECT_NO,MEMBER_NO,DEPARTMENT_NO,SUBJECT_NAME,SUBJECT_TIME,SUBJECT_CLASSROOM,SUBJECT_CREDIT,SUBJECT_LEBEL,SUBJECT_TERM) values ('D2-2202S1',1,'D2','영상처리','1교시~3교시','708호','3','2','2022년도 2학기');
Insert into ADMIN.SU_SUBJECT (SUBJECT_NO,MEMBER_NO,DEPARTMENT_NO,SUBJECT_NAME,SUBJECT_TIME,SUBJECT_CLASSROOM,SUBJECT_CREDIT,SUBJECT_LEBEL,SUBJECT_TERM) values ('D2-2202S2',1,'D2','임베디드시스템','1교시~3교시','608호','3','2','2022년도 2학기');
Insert into ADMIN.SU_SUBJECT (SUBJECT_NO,MEMBER_NO,DEPARTMENT_NO,SUBJECT_NAME,SUBJECT_TIME,SUBJECT_CLASSROOM,SUBJECT_CREDIT,SUBJECT_LEBEL,SUBJECT_TERM) values ('D2-2202S3',1,'D2','모바일프로그래밍','1교시~4교시','301호','3','3','2022년도 2학기');
Insert into ADMIN.SU_SUBJECT (SUBJECT_NO,MEMBER_NO,DEPARTMENT_NO,SUBJECT_NAME,SUBJECT_TIME,SUBJECT_CLASSROOM,SUBJECT_CREDIT,SUBJECT_LEBEL,SUBJECT_TERM) values ('D2-2202S4',2,'D2','IOT실습과응용','1교시~3교시','202호','3','2','2022년도 2학기');
Insert into ADMIN.SU_SUBJECT (SUBJECT_NO,MEMBER_NO,DEPARTMENT_NO,SUBJECT_NAME,SUBJECT_TIME,SUBJECT_CLASSROOM,SUBJECT_CREDIT,SUBJECT_LEBEL,SUBJECT_TERM) values ('D2-2202S5',2,'D2','리눅스','1교시~4교시','405호','3','3','2022년도 2학기');
Insert into ADMIN.SU_SUBJECT (SUBJECT_NO,MEMBER_NO,DEPARTMENT_NO,SUBJECT_NAME,SUBJECT_TIME,SUBJECT_CLASSROOM,SUBJECT_CREDIT,SUBJECT_LEBEL,SUBJECT_TERM) values ('D2-2202S6',2,'D2','대학물리학','1교시~3교시','807호','3','1','2022년도 2학기');
Insert into ADMIN.SU_SUBJECT (SUBJECT_NO,MEMBER_NO,DEPARTMENT_NO,SUBJECT_NAME,SUBJECT_TIME,SUBJECT_CLASSROOM,SUBJECT_CREDIT,SUBJECT_LEBEL,SUBJECT_TERM) values ('D2-2202S7',3,'D2','디지털시스템설계','1교시~3교시','707호','3','2','2022년도 2학기');
Insert into ADMIN.SU_SUBJECT (SUBJECT_NO,MEMBER_NO,DEPARTMENT_NO,SUBJECT_NAME,SUBJECT_TIME,SUBJECT_CLASSROOM,SUBJECT_CREDIT,SUBJECT_LEBEL,SUBJECT_TERM) values ('D2-2202S8',3,'D2','아두이노','1교시~4교시','403호','3','3','2022년도 2학기');
Insert into ADMIN.SU_SUBJECT (SUBJECT_NO,MEMBER_NO,DEPARTMENT_NO,SUBJECT_NAME,SUBJECT_TIME,SUBJECT_CLASSROOM,SUBJECT_CREDIT,SUBJECT_LEBEL,SUBJECT_TERM) values ('D2-2202S9',3,'D2','정보통신개론','1교시~3교시','101호','3','2','2022년도 2학기');
Insert into ADMIN.SU_SUBJECT (SUBJECT_NO,MEMBER_NO,DEPARTMENT_NO,SUBJECT_NAME,SUBJECT_TIME,SUBJECT_CLASSROOM,SUBJECT_CREDIT,SUBJECT_LEBEL,SUBJECT_TERM) values ('D2-2201S1',1,'D2','이동통신','1교시~2교시','201호','1','2','2022년도 1학기');
Insert into ADMIN.SU_SUBJECT (SUBJECT_NO,MEMBER_NO,DEPARTMENT_NO,SUBJECT_NAME,SUBJECT_TIME,SUBJECT_CLASSROOM,SUBJECT_CREDIT,SUBJECT_LEBEL,SUBJECT_TERM) values ('D2-2201S2',1,'D2','선형대수학','1교시~3교시','307호','3','2','2022년도 1학기');
Insert into ADMIN.SU_SUBJECT (SUBJECT_NO,MEMBER_NO,DEPARTMENT_NO,SUBJECT_NAME,SUBJECT_TIME,SUBJECT_CLASSROOM,SUBJECT_CREDIT,SUBJECT_LEBEL,SUBJECT_TERM) values ('D2-2201S3',1,'D2','데이터구조','4교시~6교시','505호','3','1','2022년도 1학기');
Insert into ADMIN.SU_SUBJECT (SUBJECT_NO,MEMBER_NO,DEPARTMENT_NO,SUBJECT_NAME,SUBJECT_TIME,SUBJECT_CLASSROOM,SUBJECT_CREDIT,SUBJECT_LEBEL,SUBJECT_TERM) values ('D2-2201S4',2,'D2','기초전자','2교시~5교시','404호','3','2','2022년도 1학기');
Insert into ADMIN.SU_SUBJECT (SUBJECT_NO,MEMBER_NO,DEPARTMENT_NO,SUBJECT_NAME,SUBJECT_TIME,SUBJECT_CLASSROOM,SUBJECT_CREDIT,SUBJECT_LEBEL,SUBJECT_TERM) values ('D2-2201S5',2,'D2','컴퓨팅사고와코딩기초','1교시~3교시','809호','3','1','2022년도 1학기');
Insert into ADMIN.SU_SUBJECT (SUBJECT_NO,MEMBER_NO,DEPARTMENT_NO,SUBJECT_NAME,SUBJECT_TIME,SUBJECT_CLASSROOM,SUBJECT_CREDIT,SUBJECT_LEBEL,SUBJECT_TERM) values ('D2-2201S6',2,'D2','논리회로','4교시~6교시','307호','3','3','2022년도 1학기');
Insert into ADMIN.SU_SUBJECT (SUBJECT_NO,MEMBER_NO,DEPARTMENT_NO,SUBJECT_NAME,SUBJECT_TIME,SUBJECT_CLASSROOM,SUBJECT_CREDIT,SUBJECT_LEBEL,SUBJECT_TERM) values ('D2-2201S7',3,'D2','대학물리학','4교시~6교시','208호','3','3','2022년도 1학기');
Insert into ADMIN.SU_SUBJECT (SUBJECT_NO,MEMBER_NO,DEPARTMENT_NO,SUBJECT_NAME,SUBJECT_TIME,SUBJECT_CLASSROOM,SUBJECT_CREDIT,SUBJECT_LEBEL,SUBJECT_TERM) values ('D2-2201S8',3,'D2','종합설계','4교시~6교시','103호','3','3','2022년도 1학기');
Insert into ADMIN.SU_SUBJECT (SUBJECT_NO,MEMBER_NO,DEPARTMENT_NO,SUBJECT_NAME,SUBJECT_TIME,SUBJECT_CLASSROOM,SUBJECT_CREDIT,SUBJECT_LEBEL,SUBJECT_TERM) values ('D2-2201S9',3,'D2','프로그래밍설계','1교시~3교시','203호','3','2','2022년도 1학기');
Insert into ADMIN.SU_SUBJECT (SUBJECT_NO,MEMBER_NO,DEPARTMENT_NO,SUBJECT_NAME,SUBJECT_TIME,SUBJECT_CLASSROOM,SUBJECT_CREDIT,SUBJECT_LEBEL,SUBJECT_TERM) values ('D4-2201S1',13,'D4','트레이닝방법론','1교시~3교시','501호','3','3','2022년도 1학기');
Insert into ADMIN.SU_SUBJECT (SUBJECT_NO,MEMBER_NO,DEPARTMENT_NO,SUBJECT_NAME,SUBJECT_TIME,SUBJECT_CLASSROOM,SUBJECT_CREDIT,SUBJECT_LEBEL,SUBJECT_TERM) values ('D4-2201S2',13,'D4','스포츠사회학','4교시~6교시','501호','3','3','2022년도 1학기');
Insert into ADMIN.SU_SUBJECT (SUBJECT_NO,MEMBER_NO,DEPARTMENT_NO,SUBJECT_NAME,SUBJECT_TIME,SUBJECT_CLASSROOM,SUBJECT_CREDIT,SUBJECT_LEBEL,SUBJECT_TERM) values ('D4-2201S3',13,'D4','현대생활과스포츠','1교시~3교시','502호','3','4','2022년도 1학기');
Insert into ADMIN.SU_SUBJECT (SUBJECT_NO,MEMBER_NO,DEPARTMENT_NO,SUBJECT_NAME,SUBJECT_TIME,SUBJECT_CLASSROOM,SUBJECT_CREDIT,SUBJECT_LEBEL,SUBJECT_TERM) values ('D4-2201S4',14,'D4','배드민턴','1교시~3교시','503호','2','2','2022년도 1학기');
Insert into ADMIN.SU_SUBJECT (SUBJECT_NO,MEMBER_NO,DEPARTMENT_NO,SUBJECT_NAME,SUBJECT_TIME,SUBJECT_CLASSROOM,SUBJECT_CREDIT,SUBJECT_LEBEL,SUBJECT_TERM) values ('D4-2201S5',14,'D4','탁구','4교시~6교시','502호','2','2','2022년도 1학기');
Insert into ADMIN.SU_SUBJECT (SUBJECT_NO,MEMBER_NO,DEPARTMENT_NO,SUBJECT_NAME,SUBJECT_TIME,SUBJECT_CLASSROOM,SUBJECT_CREDIT,SUBJECT_LEBEL,SUBJECT_TERM) values ('D4-2201S6',14,'D4','유아체육','1교시~3교시','504호','3','3','2022년도 1학기');
Insert into ADMIN.SU_SUBJECT (SUBJECT_NO,MEMBER_NO,DEPARTMENT_NO,SUBJECT_NAME,SUBJECT_TIME,SUBJECT_CLASSROOM,SUBJECT_CREDIT,SUBJECT_LEBEL,SUBJECT_TERM) values ('D4-2201S7',15,'D4','수영','1교시~3교시','505호','2','4','2022년도 1학기');
Insert into ADMIN.SU_SUBJECT (SUBJECT_NO,MEMBER_NO,DEPARTMENT_NO,SUBJECT_NAME,SUBJECT_TIME,SUBJECT_CLASSROOM,SUBJECT_CREDIT,SUBJECT_LEBEL,SUBJECT_TERM) values ('D4-2201S8',15,'D4','댄스스포츠','4교시~6교시','505호','2','2','2022년도 1학기');
Insert into ADMIN.SU_SUBJECT (SUBJECT_NO,MEMBER_NO,DEPARTMENT_NO,SUBJECT_NAME,SUBJECT_TIME,SUBJECT_CLASSROOM,SUBJECT_CREDIT,SUBJECT_LEBEL,SUBJECT_TERM) values ('D4-2201S9',15,'D4','유도','1교시~3교시','506호','3','2','2022년도 1학기');
Insert into ADMIN.SU_SUBJECT (SUBJECT_NO,MEMBER_NO,DEPARTMENT_NO,SUBJECT_NAME,SUBJECT_TIME,SUBJECT_CLASSROOM,SUBJECT_CREDIT,SUBJECT_LEBEL,SUBJECT_TERM) values ('D4-2202S1',13,'D4','댄스스포츠','1교시~3교시','501호','3','3','2022년도 2학기');
Insert into ADMIN.SU_SUBJECT (SUBJECT_NO,MEMBER_NO,DEPARTMENT_NO,SUBJECT_NAME,SUBJECT_TIME,SUBJECT_CLASSROOM,SUBJECT_CREDIT,SUBJECT_LEBEL,SUBJECT_TERM) values ('D4-2202S2',13,'D4','육상','4교시~6교시','501호','3','3','2022년도 2학기');
Insert into ADMIN.SU_SUBJECT (SUBJECT_NO,MEMBER_NO,DEPARTMENT_NO,SUBJECT_NAME,SUBJECT_TIME,SUBJECT_CLASSROOM,SUBJECT_CREDIT,SUBJECT_LEBEL,SUBJECT_TERM) values ('D4-2202S3',13,'D4','윈드서핑','1교시~3교시','502호','3','4','2022년도 2학기');
Insert into ADMIN.SU_SUBJECT (SUBJECT_NO,MEMBER_NO,DEPARTMENT_NO,SUBJECT_NAME,SUBJECT_TIME,SUBJECT_CLASSROOM,SUBJECT_CREDIT,SUBJECT_LEBEL,SUBJECT_TERM) values ('D4-2202S4',14,'D4','태권도','1교시~3교시','503호','2','2','2022년도 2학기');
Insert into ADMIN.SU_SUBJECT (SUBJECT_NO,MEMBER_NO,DEPARTMENT_NO,SUBJECT_NAME,SUBJECT_TIME,SUBJECT_CLASSROOM,SUBJECT_CREDIT,SUBJECT_LEBEL,SUBJECT_TERM) values ('D4-2202S5',14,'D4','운동생리학','4교시~6교시','502호','2','2','2022년도 2학기');
Insert into ADMIN.SU_SUBJECT (SUBJECT_NO,MEMBER_NO,DEPARTMENT_NO,SUBJECT_NAME,SUBJECT_TIME,SUBJECT_CLASSROOM,SUBJECT_CREDIT,SUBJECT_LEBEL,SUBJECT_TERM) values ('D4-2202S6',14,'D4','실버체육','1교시~3교시','504호','3','3','2022년도 2학기');
Insert into ADMIN.SU_SUBJECT (SUBJECT_NO,MEMBER_NO,DEPARTMENT_NO,SUBJECT_NAME,SUBJECT_TIME,SUBJECT_CLASSROOM,SUBJECT_CREDIT,SUBJECT_LEBEL,SUBJECT_TERM) values ('D4-2202S7',15,'D4','교육학개론','1교시~3교시','505호','2','4','2022년도 2학기');
Insert into ADMIN.SU_SUBJECT (SUBJECT_NO,MEMBER_NO,DEPARTMENT_NO,SUBJECT_NAME,SUBJECT_TIME,SUBJECT_CLASSROOM,SUBJECT_CREDIT,SUBJECT_LEBEL,SUBJECT_TERM) values ('D4-2202S8',15,'D4','구급 및 안전관리','4교시~6교시','505호','2','2','2022년도 2학기');
Insert into ADMIN.SU_SUBJECT (SUBJECT_NO,MEMBER_NO,DEPARTMENT_NO,SUBJECT_NAME,SUBJECT_TIME,SUBJECT_CLASSROOM,SUBJECT_CREDIT,SUBJECT_LEBEL,SUBJECT_TERM) values ('D4-2202S9',15,'D4','실기교육방법론','1교시~3교시','506호','3','2','2022년도 2학기');
--------------------------------------------------------
--  DDL for Index PK_BOARD_ATTACHMENT_NO
--------------------------------------------------------

  CREATE UNIQUE INDEX "ADMIN"."PK_BOARD_ATTACHMENT_NO" ON "ADMIN"."SU_BOARD_ATTACHMENT" ("BOARD_ATTACHMENT_NO") 
  PCTFREE 10 INITRANS 20 MAXTRANS 255 COMPUTE STATISTICS 
  STORAGE(INITIAL 65536 NEXT 1048576 MINEXTENTS 1 MAXEXTENTS 2147483645
  PCTINCREASE 0 FREELISTS 1 FREELIST GROUPS 1
  BUFFER_POOL DEFAULT FLASH_CACHE DEFAULT CELL_FLASH_CACHE DEFAULT)
  TABLESPACE "DATA" ;
--------------------------------------------------------
--  DDL for Index PK_BOARD_COMMENT_NO
--------------------------------------------------------

  CREATE UNIQUE INDEX "ADMIN"."PK_BOARD_COMMENT_NO" ON "ADMIN"."BOARD_COMMENT" ("COMMENT_NO") 
  PCTFREE 10 INITRANS 20 MAXTRANS 255 COMPUTE STATISTICS 
  STORAGE(INITIAL 65536 NEXT 1048576 MINEXTENTS 1 MAXEXTENTS 2147483645
  PCTINCREASE 0 FREELISTS 1 FREELIST GROUPS 1
  BUFFER_POOL DEFAULT FLASH_CACHE DEFAULT CELL_FLASH_CACHE DEFAULT)
  TABLESPACE "DATA" ;
--------------------------------------------------------
--  DDL for Index PK_BOARD_NO
--------------------------------------------------------

  CREATE UNIQUE INDEX "ADMIN"."PK_BOARD_NO" ON "ADMIN"."SU_BOARD" ("BOARD_NO") 
  PCTFREE 10 INITRANS 20 MAXTRANS 255 COMPUTE STATISTICS 
  STORAGE(INITIAL 65536 NEXT 1048576 MINEXTENTS 1 MAXEXTENTS 2147483645
  PCTINCREASE 0 FREELISTS 1 FREELIST GROUPS 1
  BUFFER_POOL DEFAULT FLASH_CACHE DEFAULT CELL_FLASH_CACHE DEFAULT)
  TABLESPACE "DATA" ;
--------------------------------------------------------
--  DDL for Index PK_CHATCONTENT_NO
--------------------------------------------------------

  CREATE UNIQUE INDEX "ADMIN"."PK_CHATCONTENT_NO" ON "ADMIN"."SU_CHATCONTENT" ("CHATCONTENT_NO") 
  PCTFREE 10 INITRANS 20 MAXTRANS 255 
  TABLESPACE "DATA" ;
--------------------------------------------------------
--  DDL for Index PK_CHATROOM_GROUP
--------------------------------------------------------

  CREATE UNIQUE INDEX "ADMIN"."PK_CHATROOM_GROUP" ON "ADMIN"."SU_CHATROOM" ("CHATROOM_NO", "MEMBER_NO") 
  PCTFREE 10 INITRANS 20 MAXTRANS 255 
  TABLESPACE "DATA" ;
--------------------------------------------------------
--  DDL for Index PK_DEPARTMENT_NO
--------------------------------------------------------

  CREATE UNIQUE INDEX "ADMIN"."PK_DEPARTMENT_NO" ON "ADMIN"."SU_DEPARTMENT" ("DEPARTMENT_NO") 
  PCTFREE 10 INITRANS 20 MAXTRANS 255 COMPUTE STATISTICS 
  STORAGE(INITIAL 65536 NEXT 1048576 MINEXTENTS 1 MAXEXTENTS 2147483645
  PCTINCREASE 0 FREELISTS 1 FREELIST GROUPS 1
  BUFFER_POOL DEFAULT FLASH_CACHE DEFAULT CELL_FLASH_CACHE DEFAULT)
  TABLESPACE "DATA" ;
--------------------------------------------------------
--  DDL for Index PK_MEMBER_NO
--------------------------------------------------------

  CREATE UNIQUE INDEX "ADMIN"."PK_MEMBER_NO" ON "ADMIN"."SU_MEMBER" ("MEMBER_NO") 
  PCTFREE 10 INITRANS 20 MAXTRANS 255 COMPUTE STATISTICS 
  STORAGE(INITIAL 65536 NEXT 1048576 MINEXTENTS 1 MAXEXTENTS 2147483645
  PCTINCREASE 0 FREELISTS 1 FREELIST GROUPS 1
  BUFFER_POOL DEFAULT FLASH_CACHE DEFAULT CELL_FLASH_CACHE DEFAULT)
  TABLESPACE "DATA" ;
--------------------------------------------------------
--  DDL for Index PK_NOTICE_ATTACHMENT_NO
--------------------------------------------------------

  CREATE UNIQUE INDEX "ADMIN"."PK_NOTICE_ATTACHMENT_NO" ON "ADMIN"."SU_NOTICE_ATTACHMENT" ("NOTICE_ATTACHMENT_NO") 
  PCTFREE 10 INITRANS 20 MAXTRANS 255 COMPUTE STATISTICS 
  STORAGE(INITIAL 65536 NEXT 1048576 MINEXTENTS 1 MAXEXTENTS 2147483645
  PCTINCREASE 0 FREELISTS 1 FREELIST GROUPS 1
  BUFFER_POOL DEFAULT FLASH_CACHE DEFAULT CELL_FLASH_CACHE DEFAULT)
  TABLESPACE "DATA" ;
--------------------------------------------------------
--  DDL for Index PK_NOTICE_NO
--------------------------------------------------------

  CREATE UNIQUE INDEX "ADMIN"."PK_NOTICE_NO" ON "ADMIN"."SU_NOTICE" ("NOTICE_NO") 
  PCTFREE 10 INITRANS 20 MAXTRANS 255 COMPUTE STATISTICS 
  STORAGE(INITIAL 65536 NEXT 1048576 MINEXTENTS 1 MAXEXTENTS 2147483645
  PCTINCREASE 0 FREELISTS 1 FREELIST GROUPS 1
  BUFFER_POOL DEFAULT FLASH_CACHE DEFAULT CELL_FLASH_CACHE DEFAULT)
  TABLESPACE "DATA" ;
--------------------------------------------------------
--  DDL for Index PK_REGISTER_NO
--------------------------------------------------------

  CREATE UNIQUE INDEX "ADMIN"."PK_REGISTER_NO" ON "ADMIN"."SU_REGISTER" ("REGISTER_NO") 
  PCTFREE 10 INITRANS 20 MAXTRANS 255 COMPUTE STATISTICS 
  STORAGE(INITIAL 65536 NEXT 1048576 MINEXTENTS 1 MAXEXTENTS 2147483645
  PCTINCREASE 0 FREELISTS 1 FREELIST GROUPS 1
  BUFFER_POOL DEFAULT FLASH_CACHE DEFAULT CELL_FLASH_CACHE DEFAULT)
  TABLESPACE "DATA" ;
--------------------------------------------------------
--  DDL for Index PK_SUBJECT_NO
--------------------------------------------------------

  CREATE UNIQUE INDEX "ADMIN"."PK_SUBJECT_NO" ON "ADMIN"."SU_SUBJECT" ("SUBJECT_NO") 
  PCTFREE 10 INITRANS 20 MAXTRANS 255 COMPUTE STATISTICS 
  STORAGE(INITIAL 65536 NEXT 1048576 MINEXTENTS 1 MAXEXTENTS 2147483645
  PCTINCREASE 0 FREELISTS 1 FREELIST GROUPS 1
  BUFFER_POOL DEFAULT FLASH_CACHE DEFAULT CELL_FLASH_CACHE DEFAULT)
  TABLESPACE "DATA" ;
--------------------------------------------------------
--  DDL for Index UQ_MEMBER_ID
--------------------------------------------------------

  CREATE UNIQUE INDEX "ADMIN"."UQ_MEMBER_ID" ON "ADMIN"."SU_MEMBER" ("MEMBER_ID") 
  PCTFREE 10 INITRANS 20 MAXTRANS 255 COMPUTE STATISTICS 
  STORAGE(INITIAL 65536 NEXT 1048576 MINEXTENTS 1 MAXEXTENTS 2147483645
  PCTINCREASE 0 FREELISTS 1 FREELIST GROUPS 1
  BUFFER_POOL DEFAULT FLASH_CACHE DEFAULT CELL_FLASH_CACHE DEFAULT)
  TABLESPACE "DATA" ;
--------------------------------------------------------
--  DDL for Index PK_BOARD_COMMENT_NO
--------------------------------------------------------

  CREATE UNIQUE INDEX "ADMIN"."PK_BOARD_COMMENT_NO" ON "ADMIN"."BOARD_COMMENT" ("COMMENT_NO") 
  PCTFREE 10 INITRANS 20 MAXTRANS 255 COMPUTE STATISTICS 
  STORAGE(INITIAL 65536 NEXT 1048576 MINEXTENTS 1 MAXEXTENTS 2147483645
  PCTINCREASE 0 FREELISTS 1 FREELIST GROUPS 1
  BUFFER_POOL DEFAULT FLASH_CACHE DEFAULT CELL_FLASH_CACHE DEFAULT)
  TABLESPACE "DATA" ;
--------------------------------------------------------
--  DDL for Index PK_BOARD_NO
--------------------------------------------------------

  CREATE UNIQUE INDEX "ADMIN"."PK_BOARD_NO" ON "ADMIN"."SU_BOARD" ("BOARD_NO") 
  PCTFREE 10 INITRANS 20 MAXTRANS 255 COMPUTE STATISTICS 
  STORAGE(INITIAL 65536 NEXT 1048576 MINEXTENTS 1 MAXEXTENTS 2147483645
  PCTINCREASE 0 FREELISTS 1 FREELIST GROUPS 1
  BUFFER_POOL DEFAULT FLASH_CACHE DEFAULT CELL_FLASH_CACHE DEFAULT)
  TABLESPACE "DATA" ;
--------------------------------------------------------
--  DDL for Index PK_BOARD_ATTACHMENT_NO
--------------------------------------------------------

  CREATE UNIQUE INDEX "ADMIN"."PK_BOARD_ATTACHMENT_NO" ON "ADMIN"."SU_BOARD_ATTACHMENT" ("BOARD_ATTACHMENT_NO") 
  PCTFREE 10 INITRANS 20 MAXTRANS 255 COMPUTE STATISTICS 
  STORAGE(INITIAL 65536 NEXT 1048576 MINEXTENTS 1 MAXEXTENTS 2147483645
  PCTINCREASE 0 FREELISTS 1 FREELIST GROUPS 1
  BUFFER_POOL DEFAULT FLASH_CACHE DEFAULT CELL_FLASH_CACHE DEFAULT)
  TABLESPACE "DATA" ;
--------------------------------------------------------
--  DDL for Index PK_CHATCONTENT_NO
--------------------------------------------------------

  CREATE UNIQUE INDEX "ADMIN"."PK_CHATCONTENT_NO" ON "ADMIN"."SU_CHATCONTENT" ("CHATCONTENT_NO") 
  PCTFREE 10 INITRANS 20 MAXTRANS 255 
  TABLESPACE "DATA" ;
--------------------------------------------------------
--  DDL for Index PK_CHATROOM_GROUP
--------------------------------------------------------

  CREATE UNIQUE INDEX "ADMIN"."PK_CHATROOM_GROUP" ON "ADMIN"."SU_CHATROOM" ("CHATROOM_NO", "MEMBER_NO") 
  PCTFREE 10 INITRANS 20 MAXTRANS 255 
  TABLESPACE "DATA" ;
--------------------------------------------------------
--  DDL for Index PK_DEPARTMENT_NO
--------------------------------------------------------

  CREATE UNIQUE INDEX "ADMIN"."PK_DEPARTMENT_NO" ON "ADMIN"."SU_DEPARTMENT" ("DEPARTMENT_NO") 
  PCTFREE 10 INITRANS 20 MAXTRANS 255 COMPUTE STATISTICS 
  STORAGE(INITIAL 65536 NEXT 1048576 MINEXTENTS 1 MAXEXTENTS 2147483645
  PCTINCREASE 0 FREELISTS 1 FREELIST GROUPS 1
  BUFFER_POOL DEFAULT FLASH_CACHE DEFAULT CELL_FLASH_CACHE DEFAULT)
  TABLESPACE "DATA" ;
--------------------------------------------------------
--  DDL for Index PK_MEMBER_NO
--------------------------------------------------------

  CREATE UNIQUE INDEX "ADMIN"."PK_MEMBER_NO" ON "ADMIN"."SU_MEMBER" ("MEMBER_NO") 
  PCTFREE 10 INITRANS 20 MAXTRANS 255 COMPUTE STATISTICS 
  STORAGE(INITIAL 65536 NEXT 1048576 MINEXTENTS 1 MAXEXTENTS 2147483645
  PCTINCREASE 0 FREELISTS 1 FREELIST GROUPS 1
  BUFFER_POOL DEFAULT FLASH_CACHE DEFAULT CELL_FLASH_CACHE DEFAULT)
  TABLESPACE "DATA" ;
--------------------------------------------------------
--  DDL for Index UQ_MEMBER_ID
--------------------------------------------------------

  CREATE UNIQUE INDEX "ADMIN"."UQ_MEMBER_ID" ON "ADMIN"."SU_MEMBER" ("MEMBER_ID") 
  PCTFREE 10 INITRANS 20 MAXTRANS 255 COMPUTE STATISTICS 
  STORAGE(INITIAL 65536 NEXT 1048576 MINEXTENTS 1 MAXEXTENTS 2147483645
  PCTINCREASE 0 FREELISTS 1 FREELIST GROUPS 1
  BUFFER_POOL DEFAULT FLASH_CACHE DEFAULT CELL_FLASH_CACHE DEFAULT)
  TABLESPACE "DATA" ;
--------------------------------------------------------
--  DDL for Index PK_NOTICE_NO
--------------------------------------------------------

  CREATE UNIQUE INDEX "ADMIN"."PK_NOTICE_NO" ON "ADMIN"."SU_NOTICE" ("NOTICE_NO") 
  PCTFREE 10 INITRANS 20 MAXTRANS 255 COMPUTE STATISTICS 
  STORAGE(INITIAL 65536 NEXT 1048576 MINEXTENTS 1 MAXEXTENTS 2147483645
  PCTINCREASE 0 FREELISTS 1 FREELIST GROUPS 1
  BUFFER_POOL DEFAULT FLASH_CACHE DEFAULT CELL_FLASH_CACHE DEFAULT)
  TABLESPACE "DATA" ;
--------------------------------------------------------
--  DDL for Index PK_NOTICE_ATTACHMENT_NO
--------------------------------------------------------

  CREATE UNIQUE INDEX "ADMIN"."PK_NOTICE_ATTACHMENT_NO" ON "ADMIN"."SU_NOTICE_ATTACHMENT" ("NOTICE_ATTACHMENT_NO") 
  PCTFREE 10 INITRANS 20 MAXTRANS 255 COMPUTE STATISTICS 
  STORAGE(INITIAL 65536 NEXT 1048576 MINEXTENTS 1 MAXEXTENTS 2147483645
  PCTINCREASE 0 FREELISTS 1 FREELIST GROUPS 1
  BUFFER_POOL DEFAULT FLASH_CACHE DEFAULT CELL_FLASH_CACHE DEFAULT)
  TABLESPACE "DATA" ;
--------------------------------------------------------
--  DDL for Index PK_REGISTER_NO
--------------------------------------------------------

  CREATE UNIQUE INDEX "ADMIN"."PK_REGISTER_NO" ON "ADMIN"."SU_REGISTER" ("REGISTER_NO") 
  PCTFREE 10 INITRANS 20 MAXTRANS 255 COMPUTE STATISTICS 
  STORAGE(INITIAL 65536 NEXT 1048576 MINEXTENTS 1 MAXEXTENTS 2147483645
  PCTINCREASE 0 FREELISTS 1 FREELIST GROUPS 1
  BUFFER_POOL DEFAULT FLASH_CACHE DEFAULT CELL_FLASH_CACHE DEFAULT)
  TABLESPACE "DATA" ;
--------------------------------------------------------
--  DDL for Index PK_SUBJECT_NO
--------------------------------------------------------

  CREATE UNIQUE INDEX "ADMIN"."PK_SUBJECT_NO" ON "ADMIN"."SU_SUBJECT" ("SUBJECT_NO") 
  PCTFREE 10 INITRANS 20 MAXTRANS 255 COMPUTE STATISTICS 
  STORAGE(INITIAL 65536 NEXT 1048576 MINEXTENTS 1 MAXEXTENTS 2147483645
  PCTINCREASE 0 FREELISTS 1 FREELIST GROUPS 1
  BUFFER_POOL DEFAULT FLASH_CACHE DEFAULT CELL_FLASH_CACHE DEFAULT)
  TABLESPACE "DATA" ;
--------------------------------------------------------
--  Constraints for Table BOARD_COMMENT
--------------------------------------------------------

  ALTER TABLE "ADMIN"."BOARD_COMMENT" ADD CONSTRAINT "PK_BOARD_COMMENT_NO" PRIMARY KEY ("COMMENT_NO")
  USING INDEX PCTFREE 10 INITRANS 20 MAXTRANS 255 COMPUTE STATISTICS 
  STORAGE(INITIAL 65536 NEXT 1048576 MINEXTENTS 1 MAXEXTENTS 2147483645
  PCTINCREASE 0 FREELISTS 1 FREELIST GROUPS 1
  BUFFER_POOL DEFAULT FLASH_CACHE DEFAULT CELL_FLASH_CACHE DEFAULT)
  TABLESPACE "DATA"  ENABLE;
--------------------------------------------------------
--  Constraints for Table SU_BOARD
--------------------------------------------------------

  ALTER TABLE "ADMIN"."SU_BOARD" MODIFY ("BOARD_NO" NOT NULL ENABLE);
  ALTER TABLE "ADMIN"."SU_BOARD" MODIFY ("MEMBER_ID" NOT NULL ENABLE);
  ALTER TABLE "ADMIN"."SU_BOARD" MODIFY ("BOARD_TITLE" NOT NULL ENABLE);
  ALTER TABLE "ADMIN"."SU_BOARD" MODIFY ("BOARD_CATEGORY" NOT NULL ENABLE);
  ALTER TABLE "ADMIN"."SU_BOARD" ADD CONSTRAINT "PK_BOARD_NO" PRIMARY KEY ("BOARD_NO")
  USING INDEX PCTFREE 10 INITRANS 20 MAXTRANS 255 COMPUTE STATISTICS 
  STORAGE(INITIAL 65536 NEXT 1048576 MINEXTENTS 1 MAXEXTENTS 2147483645
  PCTINCREASE 0 FREELISTS 1 FREELIST GROUPS 1
  BUFFER_POOL DEFAULT FLASH_CACHE DEFAULT CELL_FLASH_CACHE DEFAULT)
  TABLESPACE "DATA"  ENABLE;
--------------------------------------------------------
--  Constraints for Table SU_BOARD_ATTACHMENT
--------------------------------------------------------

  ALTER TABLE "ADMIN"."SU_BOARD_ATTACHMENT" MODIFY ("BOARD_NO" NOT NULL ENABLE);
  ALTER TABLE "ADMIN"."SU_BOARD_ATTACHMENT" MODIFY ("BOARD_ATTACHMENT_ORIGINAL_FILENAME" NOT NULL ENABLE);
  ALTER TABLE "ADMIN"."SU_BOARD_ATTACHMENT" MODIFY ("BOARD_ATTACHMENT_RENAME_FILENAME" NOT NULL ENABLE);
  ALTER TABLE "ADMIN"."SU_BOARD_ATTACHMENT" ADD CONSTRAINT "PK_BOARD_ATTACHMENT_NO" PRIMARY KEY ("BOARD_ATTACHMENT_NO")
  USING INDEX PCTFREE 10 INITRANS 20 MAXTRANS 255 COMPUTE STATISTICS 
  STORAGE(INITIAL 65536 NEXT 1048576 MINEXTENTS 1 MAXEXTENTS 2147483645
  PCTINCREASE 0 FREELISTS 1 FREELIST GROUPS 1
  BUFFER_POOL DEFAULT FLASH_CACHE DEFAULT CELL_FLASH_CACHE DEFAULT)
  TABLESPACE "DATA"  ENABLE;
--------------------------------------------------------
--  Constraints for Table SU_CHATCONTENT
--------------------------------------------------------

  ALTER TABLE "ADMIN"."SU_CHATCONTENT" MODIFY ("CHATCONTENT_NO" NOT NULL ENABLE);
  ALTER TABLE "ADMIN"."SU_CHATCONTENT" MODIFY ("CHATROOM_NO" NOT NULL ENABLE);
  ALTER TABLE "ADMIN"."SU_CHATCONTENT" MODIFY ("MEMBER_NO" NOT NULL ENABLE);
  ALTER TABLE "ADMIN"."SU_CHATCONTENT" ADD CONSTRAINT "PK_CHATCONTENT_NO" PRIMARY KEY ("CHATCONTENT_NO")
  USING INDEX PCTFREE 10 INITRANS 20 MAXTRANS 255 
  TABLESPACE "DATA"  ENABLE;
--------------------------------------------------------
--  Constraints for Table SU_CHATROOM
--------------------------------------------------------

  ALTER TABLE "ADMIN"."SU_CHATROOM" MODIFY ("CHATROOM_NO" NOT NULL ENABLE);
  ALTER TABLE "ADMIN"."SU_CHATROOM" MODIFY ("MEMBER_NO" NOT NULL ENABLE);
  ALTER TABLE "ADMIN"."SU_CHATROOM" ADD CONSTRAINT "PK_CHATROOM_GROUP" PRIMARY KEY ("CHATROOM_NO", "MEMBER_NO")
  USING INDEX PCTFREE 10 INITRANS 20 MAXTRANS 255 
  TABLESPACE "DATA"  ENABLE;
--------------------------------------------------------
--  Constraints for Table SU_DEPARTMENT
--------------------------------------------------------

  ALTER TABLE "ADMIN"."SU_DEPARTMENT" MODIFY ("DEPARTMENT_NO" NOT NULL ENABLE);
  ALTER TABLE "ADMIN"."SU_DEPARTMENT" MODIFY ("DEPARTMENT_NAME" NOT NULL ENABLE);
  ALTER TABLE "ADMIN"."SU_DEPARTMENT" ADD CONSTRAINT "PK_DEPARTMENT_NO" PRIMARY KEY ("DEPARTMENT_NO")
  USING INDEX PCTFREE 10 INITRANS 20 MAXTRANS 255 COMPUTE STATISTICS 
  STORAGE(INITIAL 65536 NEXT 1048576 MINEXTENTS 1 MAXEXTENTS 2147483645
  PCTINCREASE 0 FREELISTS 1 FREELIST GROUPS 1
  BUFFER_POOL DEFAULT FLASH_CACHE DEFAULT CELL_FLASH_CACHE DEFAULT)
  TABLESPACE "DATA"  ENABLE;
--------------------------------------------------------
--  Constraints for Table SU_MEMBER
--------------------------------------------------------

  ALTER TABLE "ADMIN"."SU_MEMBER" MODIFY ("MEMBER_NO" NOT NULL ENABLE);
  ALTER TABLE "ADMIN"."SU_MEMBER" MODIFY ("DEPARTMENT_NO" NOT NULL ENABLE);
  ALTER TABLE "ADMIN"."SU_MEMBER" MODIFY ("MEMBER_ID" NOT NULL ENABLE);
  ALTER TABLE "ADMIN"."SU_MEMBER" MODIFY ("MEMBER_PW" NOT NULL ENABLE);
  ALTER TABLE "ADMIN"."SU_MEMBER" MODIFY ("MEMBER_NAME" NOT NULL ENABLE);
  ALTER TABLE "ADMIN"."SU_MEMBER" MODIFY ("MEMBER_BIRTH" NOT NULL ENABLE);
  ALTER TABLE "ADMIN"."SU_MEMBER" MODIFY ("MEMBER_PHONE" NOT NULL ENABLE);
  ALTER TABLE "ADMIN"."SU_MEMBER" MODIFY ("MEMBER_EMAIL" NOT NULL ENABLE);
  ALTER TABLE "ADMIN"."SU_MEMBER" MODIFY ("MEMBER_ROLE" NOT NULL ENABLE);
  ALTER TABLE "ADMIN"."SU_MEMBER" ADD CONSTRAINT "CK_MEMBER_ROLE" CHECK (member_role in ('A', 'P', 'S')) ENABLE;
  ALTER TABLE "ADMIN"."SU_MEMBER" ADD CONSTRAINT "CK_MEMBER_LEVEL" CHECK (member_level in('0','1', '2', '3', '4')) ENABLE;
  ALTER TABLE "ADMIN"."SU_MEMBER" ADD CONSTRAINT "PK_MEMBER_NO" PRIMARY KEY ("MEMBER_NO")
  USING INDEX PCTFREE 10 INITRANS 20 MAXTRANS 255 COMPUTE STATISTICS 
  STORAGE(INITIAL 65536 NEXT 1048576 MINEXTENTS 1 MAXEXTENTS 2147483645
  PCTINCREASE 0 FREELISTS 1 FREELIST GROUPS 1
  BUFFER_POOL DEFAULT FLASH_CACHE DEFAULT CELL_FLASH_CACHE DEFAULT)
  TABLESPACE "DATA"  ENABLE;
  ALTER TABLE "ADMIN"."SU_MEMBER" ADD CONSTRAINT "UQ_MEMBER_ID" UNIQUE ("MEMBER_ID")
  USING INDEX PCTFREE 10 INITRANS 20 MAXTRANS 255 COMPUTE STATISTICS 
  STORAGE(INITIAL 65536 NEXT 1048576 MINEXTENTS 1 MAXEXTENTS 2147483645
  PCTINCREASE 0 FREELISTS 1 FREELIST GROUPS 1
  BUFFER_POOL DEFAULT FLASH_CACHE DEFAULT CELL_FLASH_CACHE DEFAULT)
  TABLESPACE "DATA"  ENABLE;
--------------------------------------------------------
--  Constraints for Table SU_NOTICE
--------------------------------------------------------

  ALTER TABLE "ADMIN"."SU_NOTICE" MODIFY ("NOTICE_NO" NOT NULL ENABLE);
  ALTER TABLE "ADMIN"."SU_NOTICE" MODIFY ("MEMBER_ID" NOT NULL ENABLE);
  ALTER TABLE "ADMIN"."SU_NOTICE" MODIFY ("NOTICE_TITLE" NOT NULL ENABLE);
  ALTER TABLE "ADMIN"."SU_NOTICE" ADD CONSTRAINT "PK_NOTICE_NO" PRIMARY KEY ("NOTICE_NO")
  USING INDEX PCTFREE 10 INITRANS 20 MAXTRANS 255 COMPUTE STATISTICS 
  STORAGE(INITIAL 65536 NEXT 1048576 MINEXTENTS 1 MAXEXTENTS 2147483645
  PCTINCREASE 0 FREELISTS 1 FREELIST GROUPS 1
  BUFFER_POOL DEFAULT FLASH_CACHE DEFAULT CELL_FLASH_CACHE DEFAULT)
  TABLESPACE "DATA"  ENABLE;
--------------------------------------------------------
--  Constraints for Table SU_NOTICE_ATTACHMENT
--------------------------------------------------------

  ALTER TABLE "ADMIN"."SU_NOTICE_ATTACHMENT" MODIFY ("NOTICE_NO" NOT NULL ENABLE);
  ALTER TABLE "ADMIN"."SU_NOTICE_ATTACHMENT" MODIFY ("NOTICE_ATTACHMENT_ORIGINAL_FILENAME" NOT NULL ENABLE);
  ALTER TABLE "ADMIN"."SU_NOTICE_ATTACHMENT" MODIFY ("NOTICE_ATTACHMENT_RENAME_FILENAME" NOT NULL ENABLE);
  ALTER TABLE "ADMIN"."SU_NOTICE_ATTACHMENT" ADD CONSTRAINT "PK_NOTICE_ATTACHMENT_NO" PRIMARY KEY ("NOTICE_ATTACHMENT_NO")
  USING INDEX PCTFREE 10 INITRANS 20 MAXTRANS 255 COMPUTE STATISTICS 
  STORAGE(INITIAL 65536 NEXT 1048576 MINEXTENTS 1 MAXEXTENTS 2147483645
  PCTINCREASE 0 FREELISTS 1 FREELIST GROUPS 1
  BUFFER_POOL DEFAULT FLASH_CACHE DEFAULT CELL_FLASH_CACHE DEFAULT)
  TABLESPACE "DATA"  ENABLE;
--------------------------------------------------------
--  Constraints for Table SU_REGISTER
--------------------------------------------------------

  ALTER TABLE "ADMIN"."SU_REGISTER" MODIFY ("SUBJECT_NO" NOT NULL ENABLE);
  ALTER TABLE "ADMIN"."SU_REGISTER" MODIFY ("MEMBER_NO" NOT NULL ENABLE);
  ALTER TABLE "ADMIN"."SU_REGISTER" ADD CONSTRAINT "PK_REGISTER_NO" PRIMARY KEY ("REGISTER_NO")
  USING INDEX PCTFREE 10 INITRANS 20 MAXTRANS 255 COMPUTE STATISTICS 
  STORAGE(INITIAL 65536 NEXT 1048576 MINEXTENTS 1 MAXEXTENTS 2147483645
  PCTINCREASE 0 FREELISTS 1 FREELIST GROUPS 1
  BUFFER_POOL DEFAULT FLASH_CACHE DEFAULT CELL_FLASH_CACHE DEFAULT)
  TABLESPACE "DATA"  ENABLE;
--------------------------------------------------------
--  Constraints for Table SU_SUBJECT
--------------------------------------------------------

  ALTER TABLE "ADMIN"."SU_SUBJECT" MODIFY ("SUBJECT_NO" NOT NULL ENABLE);
  ALTER TABLE "ADMIN"."SU_SUBJECT" MODIFY ("MEMBER_NO" NOT NULL ENABLE);
  ALTER TABLE "ADMIN"."SU_SUBJECT" MODIFY ("DEPARTMENT_NO" NOT NULL ENABLE);
  ALTER TABLE "ADMIN"."SU_SUBJECT" ADD CONSTRAINT "PK_SUBJECT_NO" PRIMARY KEY ("SUBJECT_NO")
  USING INDEX PCTFREE 10 INITRANS 20 MAXTRANS 255 COMPUTE STATISTICS 
  STORAGE(INITIAL 65536 NEXT 1048576 MINEXTENTS 1 MAXEXTENTS 2147483645
  PCTINCREASE 0 FREELISTS 1 FREELIST GROUPS 1
  BUFFER_POOL DEFAULT FLASH_CACHE DEFAULT CELL_FLASH_CACHE DEFAULT)
  TABLESPACE "DATA"  ENABLE;
--------------------------------------------------------
--  Ref Constraints for Table BOARD_COMMENT
--------------------------------------------------------

  ALTER TABLE "ADMIN"."BOARD_COMMENT" ADD CONSTRAINT "FK_BOARD_COMMENT_MEMBER_ID" FOREIGN KEY ("MEMBER_ID")
	  REFERENCES "ADMIN"."SU_MEMBER" ("MEMBER_ID") ON DELETE SET NULL ENABLE;
  ALTER TABLE "ADMIN"."BOARD_COMMENT" ADD CONSTRAINT "FK_BOARD_COMMENT_BOARD_NO" FOREIGN KEY ("BOARD_NO")
	  REFERENCES "ADMIN"."SU_BOARD" ("BOARD_NO") ON DELETE CASCADE ENABLE;
--------------------------------------------------------
--  Ref Constraints for Table SU_BOARD_ATTACHMENT
--------------------------------------------------------

  ALTER TABLE "ADMIN"."SU_BOARD_ATTACHMENT" ADD CONSTRAINT "FK_BOARD_ATTACHMENT_BOARD_NO" FOREIGN KEY ("BOARD_NO")
	  REFERENCES "ADMIN"."SU_BOARD" ("BOARD_NO") ON DELETE CASCADE ENABLE;
--------------------------------------------------------
--  Ref Constraints for Table SU_CHATCONTENT
--------------------------------------------------------

  ALTER TABLE "ADMIN"."SU_CHATCONTENT" ADD CONSTRAINT "FK_CHATCONTENT_CHATROOM_GROUP" FOREIGN KEY ("CHATROOM_NO", "MEMBER_NO")
	  REFERENCES "ADMIN"."SU_CHATROOM" ("CHATROOM_NO", "MEMBER_NO") ON DELETE SET NULL ENABLE;
--------------------------------------------------------
--  Ref Constraints for Table SU_CHATROOM
--------------------------------------------------------

  ALTER TABLE "ADMIN"."SU_CHATROOM" ADD CONSTRAINT "FK_CHATROOM_MEMBER_NO" FOREIGN KEY ("MEMBER_NO")
	  REFERENCES "ADMIN"."SU_MEMBER" ("MEMBER_NO") ON DELETE SET NULL ENABLE;
--------------------------------------------------------
--  Ref Constraints for Table SU_GRADE
--------------------------------------------------------

  ALTER TABLE "ADMIN"."SU_GRADE" ADD CONSTRAINT "FK_GRADE_REGISTER_NO" FOREIGN KEY ("REGISTER_NO")
	  REFERENCES "ADMIN"."SU_REGISTER" ("REGISTER_NO") ON DELETE SET NULL ENABLE;
--------------------------------------------------------
--  Ref Constraints for Table SU_MEMBER
--------------------------------------------------------

  ALTER TABLE "ADMIN"."SU_MEMBER" ADD CONSTRAINT "FK_MEMBER_DEPARTMENT_NO" FOREIGN KEY ("DEPARTMENT_NO")
	  REFERENCES "ADMIN"."SU_DEPARTMENT" ("DEPARTMENT_NO") ON DELETE SET NULL ENABLE;
--------------------------------------------------------
--  Ref Constraints for Table SU_NOTICE
--------------------------------------------------------

  ALTER TABLE "ADMIN"."SU_NOTICE" ADD CONSTRAINT "FK_NOTICE_MEMBER_ID" FOREIGN KEY ("MEMBER_ID")
	  REFERENCES "ADMIN"."SU_MEMBER" ("MEMBER_ID") ON DELETE SET NULL ENABLE;
--------------------------------------------------------
--  Ref Constraints for Table SU_NOTICE_ATTACHMENT
--------------------------------------------------------

  ALTER TABLE "ADMIN"."SU_NOTICE_ATTACHMENT" ADD CONSTRAINT "FK_NOTICE_ATTACHMENT_NOTICE_NO" FOREIGN KEY ("NOTICE_NO")
	  REFERENCES "ADMIN"."SU_NOTICE" ("NOTICE_NO") ON DELETE CASCADE ENABLE;
--------------------------------------------------------
--  Ref Constraints for Table SU_REGISTER
--------------------------------------------------------

  ALTER TABLE "ADMIN"."SU_REGISTER" ADD CONSTRAINT "FK_REGISTER_SUBJECT_NO" FOREIGN KEY ("SUBJECT_NO")
	  REFERENCES "ADMIN"."SU_SUBJECT" ("SUBJECT_NO") ON DELETE SET NULL ENABLE;
  ALTER TABLE "ADMIN"."SU_REGISTER" ADD CONSTRAINT "FK_REGISTER_MEMBER_NO" FOREIGN KEY ("MEMBER_NO")
	  REFERENCES "ADMIN"."SU_MEMBER" ("MEMBER_NO") ON DELETE SET NULL ENABLE;
--------------------------------------------------------
--  Ref Constraints for Table SU_SUBJECT
--------------------------------------------------------

  ALTER TABLE "ADMIN"."SU_SUBJECT" ADD CONSTRAINT "FK_SUBJECT_DEPARTMENT_NO" FOREIGN KEY ("DEPARTMENT_NO")
	  REFERENCES "ADMIN"."SU_DEPARTMENT" ("DEPARTMENT_NO") ON DELETE SET NULL ENABLE;
  ALTER TABLE "ADMIN"."SU_SUBJECT" ADD CONSTRAINT "FK_SUBJECT_MEMBER_NO" FOREIGN KEY ("MEMBER_NO")
	  REFERENCES "ADMIN"."SU_MEMBER" ("MEMBER_NO") ON DELETE SET NULL ENABLE;
